01-Sep-2026 06:42:18.907 INFO [localhost-startStop-1] org.apache.catalina.core.ApplicationContext.log ContextListener: contextInitialized()
01-Sep-2026 06:42:18.907 INFO [localhost-startStop-1] org.apache.catalina.core.ApplicationContext.log SessionListener: contextInitialized()
01-Sep-2026 06:42:18.909 INFO [localhost-startStop-1] org.apache.catalina.core.ApplicationContext.log ContextListener: attributeAdded('StockTicker', 'async.Stockticker@50b99db6')
01-Sep-2026 06:44:04.290 SEVERE [http-nio-8080-exec-3] org.apache.catalina.core.StandardWrapperValve.invoke Servlet.service() for servlet [jsp] in context with path [/benedictjeromemart] threw exception [javax.el.ELException: Failed to parse the expression [${categoryImages.default}]] with root cause
	javax.el.ELException: The identifier [default] is not a valid Java identifier as required by section 1.19 of the EL specification (Identifier ::= Java language identifier). This check can be disabled by setting the system property org.apache.el.parser.SKIP_IDENTIFIER_CHECK to true.
		at org.apache.el.parser.AstDotSuffix.setImage(AstDotSuffix.java:44)
		at org.apache.el.parser.ELParser.DotSuffix(ELParser.java:1639)
		at org.apache.el.parser.ELParser.ValueSuffix(ELParser.java:1603)
		at org.apache.el.parser.ELParser.Value(ELParser.java:1538)
		at org.apache.el.parser.ELParser.Unary(ELParser.java:1506)
		at org.apache.el.parser.ELParser.Multiplication(ELParser.java:1219)
		at org.apache.el.parser.ELParser.Math(ELParser.java:1124)
		at org.apache.el.parser.ELParser.Concatenation(ELParser.java:1073)
		at org.apache.el.parser.ELParser.Compare(ELParser.java:847)
		at org.apache.el.parser.ELParser.Equality(ELParser.java:722)
		at org.apache.el.parser.ELParser.And(ELParser.java:657)
		at org.apache.el.parser.ELParser.Or(ELParser.java:592)
		at org.apache.el.parser.ELParser.Choice(ELParser.java:543)
		at org.apache.el.parser.ELParser.Assignment(ELParser.java:271)
		at org.apache.el.parser.ELParser.Semicolon(ELParser.java:203)
		at org.apache.el.parser.ELParser.Expression(ELParser.java:196)
		at org.apache.el.parser.ELParser.DynamicExpression(ELParser.java:162)
		at org.apache.el.parser.ELParser.CompositeExpression(ELParser.java:46)
		at org.apache.el.lang.ExpressionBuilder.createNodeInternal(ExpressionBuilder.java:119)
		at org.apache.el.lang.ExpressionBuilder.build(ExpressionBuilder.java:181)
		at org.apache.el.lang.ExpressionBuilder.createValueExpression(ExpressionBuilder.java:245)
		at org.apache.el.ExpressionFactoryImpl.createValueExpression(ExpressionFactoryImpl.java:65)
		at org.apache.jasper.compiler.Validator$ValidateVisitor.prepareExpression(Validator.java:1642)
		at org.apache.jasper.compiler.Validator$ValidateVisitor.visit(Validator.java:771)
		at org.apache.jasper.compiler.Node$ELExpression.accept(Node.java:955)
		at org.apache.jasper.compiler.Node$Nodes.visit(Node.java:2381)
		at org.apache.jasper.compiler.Node$Visitor.visitBody(Node.java:2437)
		at org.apache.jasper.compiler.Node$Visitor.visit(Node.java:2443)
		at org.apache.jasper.compiler.Node$Root.accept(Node.java:467)
		at org.apache.jasper.compiler.Node$Nodes.visit(Node.java:2381)
		at org.apache.jasper.compiler.Validator.validateExDirectives(Validator.java:1869)
		at org.apache.jasper.compiler.Compiler.generateJava(Compiler.java:221)
		at org.apache.jasper.compiler.Compiler.compile(Compiler.java:375)
		at org.apache.jasper.compiler.Compiler.compile(Compiler.java:351)
		at org.apache.jasper.compiler.Compiler.compile(Compiler.java:335)
		at org.apache.jasper.JspCompilationContext.compile(JspCompilationContext.java:597)
		at org.apache.jasper.servlet.JspServletWrapper.service(JspServletWrapper.java:398)
		at org.apache.jasper.servlet.JspServlet.serviceJspFile(JspServlet.java:383)
		at org.apache.jasper.servlet.JspServlet.service(JspServlet.java:331)
		at javax.servlet.http.HttpServlet.service(HttpServlet.java:583)
		at org.apache.catalina.core.ApplicationFilterChain.internalDoFilter(ApplicationFilterChain.java:212)
		at org.apache.catalina.core.ApplicationFilterChain.doFilter(ApplicationFilterChain.java:156)
		at org.apache.tomcat.websocket.server.WsFilter.doFilter(WsFilter.java:51)
		at org.apache.catalina.core.ApplicationFilterChain.internalDoFilter(ApplicationFilterChain.java:181)
		at org.apache.catalina.core.ApplicationFilterChain.doFilter(ApplicationFilterChain.java:156)
		at org.apache.catalina.core.StandardWrapperValve.invoke(StandardWrapperValve.java:168)
		at org.apache.catalina.core.StandardContextValve.invoke(StandardContextValve.java:90)
		at org.apache.catalina.authenticator.AuthenticatorBase.invoke(AuthenticatorBase.java:483)
		at org.apache.catalina.core.StandardHostValve.invoke(StandardHostValve.java:130)
		at org.apache.catalina.valves.ErrorReportValve.invoke(ErrorReportValve.java:93)
		at org.apache.catalina.valves.AbstractAccessLogValve.invoke(AbstractAccessLogValve.java:679)
		at org.apache.catalina.core.StandardEngineValve.invoke(StandardEngineValve.java:74)
		at org.apache.catalina.connector.CoyoteAdapter.service(CoyoteAdapter.java:342)
		at org.apache.coyote.http11.Http11Processor.service(Http11Processor.java:617)
		at org.apache.coyote.AbstractProcessorLight.process(AbstractProcessorLight.java:63)
		at org.apache.coyote.AbstractProtocol$ConnectionHandler.process(AbstractProtocol.java:934)
		at org.apache.tomcat.util.net.NioEndpoint$SocketProcessor.doRun(NioEndpoint.java:1698)
		at org.apache.tomcat.util.net.SocketProcessorBase.run(SocketProcessorBase.java:52)
		at org.apache.tomcat.util.threads.ThreadPoolExecutor.runWorker(ThreadPoolExecutor.java:1191)
		at org.apache.tomcat.util.threads.ThreadPoolExecutor$Worker.run(ThreadPoolExecutor.java:659)
		at org.apache.tomcat.util.threads.TaskThread$WrappingRunnable.run(TaskThread.java:61)
		at java.base/java.lang.Thread.run(Thread.java:840)
01-Sep-2026 06:51:17.469 INFO [localhost-startStop-2] org.apache.catalina.core.ApplicationContext.log SessionListener: contextDestroyed()
01-Sep-2026 06:51:17.469 INFO [localhost-startStop-2] org.apache.catalina.core.ApplicationContext.log ContextListener: contextDestroyed()
01-Sep-2026 06:51:38.294 INFO [localhost-startStop-1] org.apache.catalina.core.ApplicationContext.log ContextListener: contextInitialized()
01-Sep-2026 06:51:38.295 INFO [localhost-startStop-1] org.apache.catalina.core.ApplicationContext.log SessionListener: contextInitialized()
01-Sep-2026 06:51:38.298 INFO [localhost-startStop-1] org.apache.catalina.core.ApplicationContext.log ContextListener: attributeAdded('StockTicker', 'async.Stockticker@31ed7cd4')
01-Sep-2026 12:42:01.267 INFO [localhost-startStop-1] org.apache.catalina.core.ApplicationContext.log ContextListener: contextInitialized()
01-Sep-2026 12:42:01.267 INFO [localhost-startStop-1] org.apache.catalina.core.ApplicationContext.log SessionListener: contextInitialized()
01-Sep-2026 12:42:01.272 INFO [localhost-startStop-1] org.apache.catalina.core.ApplicationContext.log ContextListener: attributeAdded('StockTicker', 'async.Stockticker@1231b3f3')
01-Sep-2026 13:10:03.369 INFO [localhost-startStop-2] org.apache.catalina.core.ApplicationContext.log SessionListener: contextDestroyed()
01-Sep-2026 13:10:03.369 INFO [localhost-startStop-2] org.apache.catalina.core.ApplicationContext.log ContextListener: contextDestroyed()
01-Sep-2026 13:10:24.870 INFO [localhost-startStop-1] org.apache.catalina.core.ApplicationContext.log ContextListener: contextInitialized()
01-Sep-2026 13:10:24.870 INFO [localhost-startStop-1] org.apache.catalina.core.ApplicationContext.log SessionListener: contextInitialized()
01-Sep-2026 13:10:24.874 INFO [localhost-startStop-1] org.apache.catalina.core.ApplicationContext.log ContextListener: attributeAdded('StockTicker', 'async.Stockticker@1237289c')
01-Sep-2026 13:15:16.760 SEVERE [http-nio-8080-exec-1] org.apache.catalina.core.StandardWrapperValve.invoke Servlet.service() for servlet [com.yourname.yournameeats.controller.ManageMenuServlet] in context with path [/benedictjeromemart] threw exception
	java.lang.RuntimeException: Failed to create menu item
		at com.yourname.yournameeats.dao.MenuItemDAOImpl.create(MenuItemDAOImpl.java:101)
		at com.yourname.yournameeats.controller.ManageMenuServlet.doPost(ManageMenuServlet.java:138)
		at javax.servlet.http.HttpServlet.service(HttpServlet.java:515)
		at javax.servlet.http.HttpServlet.service(HttpServlet.java:583)
		at org.apache.catalina.core.ApplicationFilterChain.internalDoFilter(ApplicationFilterChain.java:212)
		at org.apache.catalina.core.ApplicationFilterChain.doFilter(ApplicationFilterChain.java:156)
		at org.apache.tomcat.websocket.server.WsFilter.doFilter(WsFilter.java:51)
		at org.apache.catalina.core.ApplicationFilterChain.internalDoFilter(ApplicationFilterChain.java:181)
		at org.apache.catalina.core.ApplicationFilterChain.doFilter(ApplicationFilterChain.java:156)
		at com.yourname.yournameeats.filter.AuthFilter.doFilter(AuthFilter.java:60)
		at org.apache.catalina.core.ApplicationFilterChain.internalDoFilter(ApplicationFilterChain.java:181)
		at org.apache.catalina.core.ApplicationFilterChain.doFilter(ApplicationFilterChain.java:156)
		at org.apache.catalina.core.StandardWrapperValve.invoke(StandardWrapperValve.java:168)
		at org.apache.catalina.core.StandardContextValve.invoke(StandardContextValve.java:90)
		at org.apache.catalina.authenticator.AuthenticatorBase.invoke(AuthenticatorBase.java:483)
		at org.apache.catalina.core.StandardHostValve.invoke(StandardHostValve.java:130)
		at org.apache.catalina.valves.ErrorReportValve.invoke(ErrorReportValve.java:93)
		at org.apache.catalina.valves.AbstractAccessLogValve.invoke(AbstractAccessLogValve.java:679)
		at org.apache.catalina.core.StandardEngineValve.invoke(StandardEngineValve.java:74)
		at org.apache.catalina.connector.CoyoteAdapter.service(CoyoteAdapter.java:342)
		at org.apache.coyote.http11.Http11Processor.service(Http11Processor.java:617)
		at org.apache.coyote.AbstractProcessorLight.process(AbstractProcessorLight.java:63)
		at org.apache.coyote.AbstractProtocol$ConnectionHandler.process(AbstractProtocol.java:934)
		at org.apache.tomcat.util.net.NioEndpoint$SocketProcessor.doRun(NioEndpoint.java:1698)
		at org.apache.tomcat.util.net.SocketProcessorBase.run(SocketProcessorBase.java:52)
		at org.apache.tomcat.util.threads.ThreadPoolExecutor.runWorker(ThreadPoolExecutor.java:1191)
		at org.apache.tomcat.util.threads.ThreadPoolExecutor$Worker.run(ThreadPoolExecutor.java:659)
		at org.apache.tomcat.util.threads.TaskThread$WrappingRunnable.run(TaskThread.java:61)
		at java.base/java.lang.Thread.run(Thread.java:840)
	Caused by: org.h2.jdbc.JdbcSQLDataException: Value too long for column "IMAGE_URL CHARACTER VARYING(500)": "'https://www.bing.com/images/search?view=detailV2&ccid=AdgqnowU&id=903CD31987AA5... (650)"; SQL statement:
INSERT INTO menu_items (restaurant_id, name, description, price, stock_qty, category, image_url) VALUES (?, ?, ?, ?, ?, ?, ?) [22001-224]
		at org.h2.message.DbException.getJdbcSQLException(DbException.java:518)
		at org.h2.message.DbException.getJdbcSQLException(DbException.java:489)
		at org.h2.message.DbException.get(DbException.java:223)
		at org.h2.message.DbException.getValueTooLongException(DbException.java:334)
		at org.h2.value.Value.getValueTooLongException(Value.java:2594)
		at org.h2.value.Value.convertToVarchar(Value.java:1282)
		at org.h2.value.Value.convertTo(Value.java:1138)
		at org.h2.value.Value.convertForAssignTo(Value.java:1113)
		at org.h2.table.Column.validateConvertUpdateSequence(Column.java:369)
		at org.h2.table.Table.convertInsertRow(Table.java:936)
		at org.h2.command.dml.Insert.insertRows(Insert.java:167)
		at org.h2.command.dml.Insert.update(Insert.java:135)
		at org.h2.command.CommandContainer.executeUpdateWithGeneratedKeys(CommandContainer.java:242)
		at org.h2.command.CommandContainer.update(CommandContainer.java:163)
		at org.h2.command.Command.executeUpdate(Command.java:256)
		at org.h2.jdbc.JdbcPreparedStatement.executeUpdateInternal(JdbcPreparedStatement.java:216)
		at org.h2.jdbc.JdbcPreparedStatement.executeUpdate(JdbcPreparedStatement.java:174)
		at com.zaxxer.hikari.pool.ProxyPreparedStatement.executeUpdate(ProxyPreparedStatement.java:61)
		at com.zaxxer.hikari.pool.HikariProxyPreparedStatement.executeUpdate(HikariProxyPreparedStatement.java)
		at com.yourname.yournameeats.dao.MenuItemDAOImpl.create(MenuItemDAOImpl.java:94)
		... 28 more
01-Sep-2026 13:15:22.847 SEVERE [http-nio-8080-exec-3] org.apache.catalina.core.StandardWrapperValve.invoke Servlet.service() for servlet [com.yourname.yournameeats.controller.ManageMenuServlet] in context with path [/benedictjeromemart] threw exception
	java.lang.RuntimeException: Failed to create menu item
		at com.yourname.yournameeats.dao.MenuItemDAOImpl.create(MenuItemDAOImpl.java:101)
		at com.yourname.yournameeats.controller.ManageMenuServlet.doPost(ManageMenuServlet.java:138)
		at javax.servlet.http.HttpServlet.service(HttpServlet.java:515)
		at javax.servlet.http.HttpServlet.service(HttpServlet.java:583)
		at org.apache.catalina.core.ApplicationFilterChain.internalDoFilter(ApplicationFilterChain.java:212)
		at org.apache.catalina.core.ApplicationFilterChain.doFilter(ApplicationFilterChain.java:156)
		at org.apache.tomcat.websocket.server.WsFilter.doFilter(WsFilter.java:51)
		at org.apache.catalina.core.ApplicationFilterChain.internalDoFilter(ApplicationFilterChain.java:181)
		at org.apache.catalina.core.ApplicationFilterChain.doFilter(ApplicationFilterChain.java:156)
		at com.yourname.yournameeats.filter.AuthFilter.doFilter(AuthFilter.java:60)
		at org.apache.catalina.core.ApplicationFilterChain.internalDoFilter(ApplicationFilterChain.java:181)
		at org.apache.catalina.core.ApplicationFilterChain.doFilter(ApplicationFilterChain.java:156)
		at org.apache.catalina.core.StandardWrapperValve.invoke(StandardWrapperValve.java:168)
		at org.apache.catalina.core.StandardContextValve.invoke(StandardContextValve.java:90)
		at org.apache.catalina.authenticator.AuthenticatorBase.invoke(AuthenticatorBase.java:483)
		at org.apache.catalina.core.StandardHostValve.invoke(StandardHostValve.java:130)
		at org.apache.catalina.valves.ErrorReportValve.invoke(ErrorReportValve.java:93)
		at org.apache.catalina.valves.AbstractAccessLogValve.invoke(AbstractAccessLogValve.java:679)
		at org.apache.catalina.core.StandardEngineValve.invoke(StandardEngineValve.java:74)
		at org.apache.catalina.connector.CoyoteAdapter.service(CoyoteAdapter.java:342)
		at org.apache.coyote.http11.Http11Processor.service(Http11Processor.java:617)
		at org.apache.coyote.AbstractProcessorLight.process(AbstractProcessorLight.java:63)
		at org.apache.coyote.AbstractProtocol$ConnectionHandler.process(AbstractProtocol.java:934)
		at org.apache.tomcat.util.net.NioEndpoint$SocketProcessor.doRun(NioEndpoint.java:1698)
		at org.apache.tomcat.util.net.SocketProcessorBase.run(SocketProcessorBase.java:52)
		at org.apache.tomcat.util.threads.ThreadPoolExecutor.runWorker(ThreadPoolExecutor.java:1191)
		at org.apache.tomcat.util.threads.ThreadPoolExecutor$Worker.run(ThreadPoolExecutor.java:659)
		at org.apache.tomcat.util.threads.TaskThread$WrappingRunnable.run(TaskThread.java:61)
		at java.base/java.lang.Thread.run(Thread.java:840)
	Caused by: org.h2.jdbc.JdbcSQLDataException: Value too long for column "IMAGE_URL CHARACTER VARYING(500)": "'https://www.bing.com/images/search?view=detailV2&ccid=AdgqnowU&id=903CD31987AA5... (650)"; SQL statement:
INSERT INTO menu_items (restaurant_id, name, description, price, stock_qty, category, image_url) VALUES (?, ?, ?, ?, ?, ?, ?) [22001-224]
		at org.h2.message.DbException.getJdbcSQLException(DbException.java:518)
		at org.h2.message.DbException.getJdbcSQLException(DbException.java:489)
		at org.h2.message.DbException.get(DbException.java:223)
		at org.h2.message.DbException.getValueTooLongException(DbException.java:334)
		at org.h2.value.Value.getValueTooLongException(Value.java:2594)
		at org.h2.value.Value.convertToVarchar(Value.java:1282)
		at org.h2.value.Value.convertTo(Value.java:1138)
		at org.h2.value.Value.convertForAssignTo(Value.java:1113)
		at org.h2.table.Column.validateConvertUpdateSequence(Column.java:369)
		at org.h2.table.Table.convertInsertRow(Table.java:936)
		at org.h2.command.dml.Insert.insertRows(Insert.java:167)
		at org.h2.command.dml.Insert.update(Insert.java:135)
		at org.h2.command.CommandContainer.executeUpdateWithGeneratedKeys(CommandContainer.java:242)
		at org.h2.command.CommandContainer.update(CommandContainer.java:163)
		at org.h2.command.Command.executeUpdate(Command.java:256)
		at org.h2.jdbc.JdbcPreparedStatement.executeUpdateInternal(JdbcPreparedStatement.java:216)
		at org.h2.jdbc.JdbcPreparedStatement.executeUpdate(JdbcPreparedStatement.java:174)
		at com.zaxxer.hikari.pool.ProxyPreparedStatement.executeUpdate(ProxyPreparedStatement.java:61)
		at com.zaxxer.hikari.pool.HikariProxyPreparedStatement.executeUpdate(HikariProxyPreparedStatement.java)
		at com.yourname.yournameeats.dao.MenuItemDAOImpl.create(MenuItemDAOImpl.java:94)
		... 28 more
01-Sep-2026 13:21:14.435 SEVERE [http-nio-8080-exec-4] org.apache.catalina.core.StandardWrapperValve.invoke Servlet.service() for servlet [com.yourname.yournameeats.controller.ManageMenuServlet] in context with path [/benedictjeromemart] threw exception
	java.lang.RuntimeException: Failed to create menu item
		at com.yourname.yournameeats.dao.MenuItemDAOImpl.create(MenuItemDAOImpl.java:101)
		at com.yourname.yournameeats.controller.ManageMenuServlet.doPost(ManageMenuServlet.java:138)
		at javax.servlet.http.HttpServlet.service(HttpServlet.java:515)
		at javax.servlet.http.HttpServlet.service(HttpServlet.java:583)
		at org.apache.catalina.core.ApplicationFilterChain.internalDoFilter(ApplicationFilterChain.java:212)
		at org.apache.catalina.core.ApplicationFilterChain.doFilter(ApplicationFilterChain.java:156)
		at org.apache.tomcat.websocket.server.WsFilter.doFilter(WsFilter.java:51)
		at org.apache.catalina.core.ApplicationFilterChain.internalDoFilter(ApplicationFilterChain.java:181)
		at org.apache.catalina.core.ApplicationFilterChain.doFilter(ApplicationFilterChain.java:156)
		at com.yourname.yournameeats.filter.AuthFilter.doFilter(AuthFilter.java:60)
		at org.apache.catalina.core.ApplicationFilterChain.internalDoFilter(ApplicationFilterChain.java:181)
		at org.apache.catalina.core.ApplicationFilterChain.doFilter(ApplicationFilterChain.java:156)
		at org.apache.catalina.core.StandardWrapperValve.invoke(StandardWrapperValve.java:168)
		at org.apache.catalina.core.StandardContextValve.invoke(StandardContextValve.java:90)
		at org.apache.catalina.authenticator.AuthenticatorBase.invoke(AuthenticatorBase.java:483)
		at org.apache.catalina.core.StandardHostValve.invoke(StandardHostValve.java:130)
		at org.apache.catalina.valves.ErrorReportValve.invoke(ErrorReportValve.java:93)
		at org.apache.catalina.valves.AbstractAccessLogValve.invoke(AbstractAccessLogValve.java:679)
		at org.apache.catalina.core.StandardEngineValve.invoke(StandardEngineValve.java:74)
		at org.apache.catalina.connector.CoyoteAdapter.service(CoyoteAdapter.java:342)
		at org.apache.coyote.http11.Http11Processor.service(Http11Processor.java:617)
		at org.apache.coyote.AbstractProcessorLight.process(AbstractProcessorLight.java:63)
		at org.apache.coyote.AbstractProtocol$ConnectionHandler.process(AbstractProtocol.java:934)
		at org.apache.tomcat.util.net.NioEndpoint$SocketProcessor.doRun(NioEndpoint.java:1698)
		at org.apache.tomcat.util.net.SocketProcessorBase.run(SocketProcessorBase.java:52)
		at org.apache.tomcat.util.threads.ThreadPoolExecutor.runWorker(ThreadPoolExecutor.java:1191)
		at org.apache.tomcat.util.threads.ThreadPoolExecutor$Worker.run(ThreadPoolExecutor.java:659)
		at org.apache.tomcat.util.threads.TaskThread$WrappingRunnable.run(TaskThread.java:61)
		at java.base/java.lang.Thread.run(Thread.java:840)
	Caused by: org.h2.jdbc.JdbcSQLDataException: Value too long for column "IMAGE_URL CHARACTER VARYING(500)": "'https://www.bing.com/images/search?view=detailV2&ccid=AdgqnowU&id=903CD31987AA5... (650)"; SQL statement:
INSERT INTO menu_items (restaurant_id, name, description, price, stock_qty, category, image_url) VALUES (?, ?, ?, ?, ?, ?, ?) [22001-224]
		at org.h2.message.DbException.getJdbcSQLException(DbException.java:518)
		at org.h2.message.DbException.getJdbcSQLException(DbException.java:489)
		at org.h2.message.DbException.get(DbException.java:223)
		at org.h2.message.DbException.getValueTooLongException(DbException.java:334)
		at org.h2.value.Value.getValueTooLongException(Value.java:2594)
		at org.h2.value.Value.convertToVarchar(Value.java:1282)
		at org.h2.value.Value.convertTo(Value.java:1138)
		at org.h2.value.Value.convertForAssignTo(Value.java:1113)
		at org.h2.table.Column.validateConvertUpdateSequence(Column.java:369)
		at org.h2.table.Table.convertInsertRow(Table.java:936)
		at org.h2.command.dml.Insert.insertRows(Insert.java:167)
		at org.h2.command.dml.Insert.update(Insert.java:135)
		at org.h2.command.CommandContainer.executeUpdateWithGeneratedKeys(CommandContainer.java:242)
		at org.h2.command.CommandContainer.update(CommandContainer.java:163)
		at org.h2.command.Command.executeUpdate(Command.java:256)
		at org.h2.jdbc.JdbcPreparedStatement.executeUpdateInternal(JdbcPreparedStatement.java:216)
		at org.h2.jdbc.JdbcPreparedStatement.executeUpdate(JdbcPreparedStatement.java:174)
		at com.zaxxer.hikari.pool.ProxyPreparedStatement.executeUpdate(ProxyPreparedStatement.java:61)
		at com.zaxxer.hikari.pool.HikariProxyPreparedStatement.executeUpdate(HikariProxyPreparedStatement.java)
		at com.yourname.yournameeats.dao.MenuItemDAOImpl.create(MenuItemDAOImpl.java:94)
		... 28 more
01-Sep-2026 13:21:15.831 SEVERE [http-nio-8080-exec-2] org.apache.catalina.core.StandardWrapperValve.invoke Servlet.service() for servlet [com.yourname.yournameeats.controller.ManageMenuServlet] in context with path [/benedictjeromemart] threw exception
	java.lang.RuntimeException: Failed to create menu item
		at com.yourname.yournameeats.dao.MenuItemDAOImpl.create(MenuItemDAOImpl.java:101)
		at com.yourname.yournameeats.controller.ManageMenuServlet.doPost(ManageMenuServlet.java:138)
		at javax.servlet.http.HttpServlet.service(HttpServlet.java:515)
		at javax.servlet.http.HttpServlet.service(HttpServlet.java:583)
		at org.apache.catalina.core.ApplicationFilterChain.internalDoFilter(ApplicationFilterChain.java:212)
		at org.apache.catalina.core.ApplicationFilterChain.doFilter(ApplicationFilterChain.java:156)
		at org.apache.tomcat.websocket.server.WsFilter.doFilter(WsFilter.java:51)
		at org.apache.catalina.core.ApplicationFilterChain.internalDoFilter(ApplicationFilterChain.java:181)
		at org.apache.catalina.core.ApplicationFilterChain.doFilter(ApplicationFilterChain.java:156)
		at com.yourname.yournameeats.filter.AuthFilter.doFilter(AuthFilter.java:60)
		at org.apache.catalina.core.ApplicationFilterChain.internalDoFilter(ApplicationFilterChain.java:181)
		at org.apache.catalina.core.ApplicationFilterChain.doFilter(ApplicationFilterChain.java:156)
		at org.apache.catalina.core.StandardWrapperValve.invoke(StandardWrapperValve.java:168)
		at org.apache.catalina.core.StandardContextValve.invoke(StandardContextValve.java:90)
		at org.apache.catalina.authenticator.AuthenticatorBase.invoke(AuthenticatorBase.java:483)
		at org.apache.catalina.core.StandardHostValve.invoke(StandardHostValve.java:130)
		at org.apache.catalina.valves.ErrorReportValve.invoke(ErrorReportValve.java:93)
		at org.apache.catalina.valves.AbstractAccessLogValve.invoke(AbstractAccessLogValve.java:679)
		at org.apache.catalina.core.StandardEngineValve.invoke(StandardEngineValve.java:74)
		at org.apache.catalina.connector.CoyoteAdapter.service(CoyoteAdapter.java:342)
		at org.apache.coyote.http11.Http11Processor.service(Http11Processor.java:617)
		at org.apache.coyote.AbstractProcessorLight.process(AbstractProcessorLight.java:63)
		at org.apache.coyote.AbstractProtocol$ConnectionHandler.process(AbstractProtocol.java:934)
		at org.apache.tomcat.util.net.NioEndpoint$SocketProcessor.doRun(NioEndpoint.java:1698)
		at org.apache.tomcat.util.net.SocketProcessorBase.run(SocketProcessorBase.java:52)
		at org.apache.tomcat.util.threads.ThreadPoolExecutor.runWorker(ThreadPoolExecutor.java:1191)
		at org.apache.tomcat.util.threads.ThreadPoolExecutor$Worker.run(ThreadPoolExecutor.java:659)
		at org.apache.tomcat.util.threads.TaskThread$WrappingRunnable.run(TaskThread.java:61)
		at java.base/java.lang.Thread.run(Thread.java:840)
	Caused by: org.h2.jdbc.JdbcSQLDataException: Value too long for column "IMAGE_URL CHARACTER VARYING(500)": "'https://www.bing.com/images/search?view=detailV2&ccid=AdgqnowU&id=903CD31987AA5... (650)"; SQL statement:
INSERT INTO menu_items (restaurant_id, name, description, price, stock_qty, category, image_url) VALUES (?, ?, ?, ?, ?, ?, ?) [22001-224]
		at org.h2.message.DbException.getJdbcSQLException(DbException.java:518)
		at org.h2.message.DbException.getJdbcSQLException(DbException.java:489)
		at org.h2.message.DbException.get(DbException.java:223)
		at org.h2.message.DbException.getValueTooLongException(DbException.java:334)
		at org.h2.value.Value.getValueTooLongException(Value.java:2594)
		at org.h2.value.Value.convertToVarchar(Value.java:1282)
		at org.h2.value.Value.convertTo(Value.java:1138)
		at org.h2.value.Value.convertForAssignTo(Value.java:1113)
		at org.h2.table.Column.validateConvertUpdateSequence(Column.java:369)
		at org.h2.table.Table.convertInsertRow(Table.java:936)
		at org.h2.command.dml.Insert.insertRows(Insert.java:167)
		at org.h2.command.dml.Insert.update(Insert.java:135)
		at org.h2.command.CommandContainer.executeUpdateWithGeneratedKeys(CommandContainer.java:242)
		at org.h2.command.CommandContainer.update(CommandContainer.java:163)
		at org.h2.command.Command.executeUpdate(Command.java:256)
		at org.h2.jdbc.JdbcPreparedStatement.executeUpdateInternal(JdbcPreparedStatement.java:216)
		at org.h2.jdbc.JdbcPreparedStatement.executeUpdate(JdbcPreparedStatement.java:174)
		at com.zaxxer.hikari.pool.ProxyPreparedStatement.executeUpdate(ProxyPreparedStatement.java:61)
		at com.zaxxer.hikari.pool.HikariProxyPreparedStatement.executeUpdate(HikariProxyPreparedStatement.java)
		at com.yourname.yournameeats.dao.MenuItemDAOImpl.create(MenuItemDAOImpl.java:94)
		... 28 more
01-Sep-2026 14:21:30.519 INFO [localhost-startStop-1] org.apache.catalina.core.ApplicationContext.log ContextListener: contextInitialized()
01-Sep-2026 14:21:30.519 INFO [localhost-startStop-1] org.apache.catalina.core.ApplicationContext.log SessionListener: contextInitialized()
01-Sep-2026 14:21:30.526 INFO [localhost-startStop-1] org.apache.catalina.core.ApplicationContext.log ContextListener: attributeAdded('StockTicker', 'async.Stockticker@91c4e62')
01-Sep-2026 14:22:22.449 SEVERE [http-nio-8080-exec-2] org.apache.catalina.core.StandardWrapperValve.invoke Servlet.service() for servlet [com.yourname.yournameeats.controller.ManageMenuServlet] in context with path [/benedictjeromemart] threw exception
	java.lang.RuntimeException: Failed to create menu item
		at com.yourname.yournameeats.dao.MenuItemDAOImpl.create(MenuItemDAOImpl.java:101)
		at com.yourname.yournameeats.controller.ManageMenuServlet.doPost(ManageMenuServlet.java:138)
		at javax.servlet.http.HttpServlet.service(HttpServlet.java:515)
		at javax.servlet.http.HttpServlet.service(HttpServlet.java:583)
		at org.apache.catalina.core.ApplicationFilterChain.internalDoFilter(ApplicationFilterChain.java:212)
		at org.apache.catalina.core.ApplicationFilterChain.doFilter(ApplicationFilterChain.java:156)
		at org.apache.tomcat.websocket.server.WsFilter.doFilter(WsFilter.java:51)
		at org.apache.catalina.core.ApplicationFilterChain.internalDoFilter(ApplicationFilterChain.java:181)
		at org.apache.catalina.core.ApplicationFilterChain.doFilter(ApplicationFilterChain.java:156)
		at com.yourname.yournameeats.filter.AuthFilter.doFilter(AuthFilter.java:60)
		at org.apache.catalina.core.ApplicationFilterChain.internalDoFilter(ApplicationFilterChain.java:181)
		at org.apache.catalina.core.ApplicationFilterChain.doFilter(ApplicationFilterChain.java:156)
		at org.apache.catalina.core.StandardWrapperValve.invoke(StandardWrapperValve.java:168)
		at org.apache.catalina.core.StandardContextValve.invoke(StandardContextValve.java:90)
		at org.apache.catalina.authenticator.AuthenticatorBase.invoke(AuthenticatorBase.java:483)
		at org.apache.catalina.core.StandardHostValve.invoke(StandardHostValve.java:130)
		at org.apache.catalina.valves.ErrorReportValve.invoke(ErrorReportValve.java:93)
		at org.apache.catalina.valves.AbstractAccessLogValve.invoke(AbstractAccessLogValve.java:679)
		at org.apache.catalina.core.StandardEngineValve.invoke(StandardEngineValve.java:74)
		at org.apache.catalina.connector.CoyoteAdapter.service(CoyoteAdapter.java:342)
		at org.apache.coyote.http11.Http11Processor.service(Http11Processor.java:617)
		at org.apache.coyote.AbstractProcessorLight.process(AbstractProcessorLight.java:63)
		at org.apache.coyote.AbstractProtocol$ConnectionHandler.process(AbstractProtocol.java:934)
		at org.apache.tomcat.util.net.NioEndpoint$SocketProcessor.doRun(NioEndpoint.java:1698)
		at org.apache.tomcat.util.net.SocketProcessorBase.run(SocketProcessorBase.java:52)
		at org.apache.tomcat.util.threads.ThreadPoolExecutor.runWorker(ThreadPoolExecutor.java:1191)
		at org.apache.tomcat.util.threads.ThreadPoolExecutor$Worker.run(ThreadPoolExecutor.java:659)
		at org.apache.tomcat.util.threads.TaskThread$WrappingRunnable.run(TaskThread.java:61)
		at java.base/java.lang.Thread.run(Thread.java:840)
	Caused by: org.h2.jdbc.JdbcSQLDataException: Value too long for column "IMAGE_URL CHARACTER VARYING(500)": "'https://www.bing.com/images/search?view=detailV2&ccid=AdgqnowU&id=903CD31987AA5... (650)"; SQL statement:
INSERT INTO menu_items (restaurant_id, name, description, price, stock_qty, category, image_url) VALUES (?, ?, ?, ?, ?, ?, ?) [22001-224]
		at org.h2.message.DbException.getJdbcSQLException(DbException.java:518)
		at org.h2.message.DbException.getJdbcSQLException(DbException.java:489)
		at org.h2.message.DbException.get(DbException.java:223)
		at org.h2.message.DbException.getValueTooLongException(DbException.java:334)
		at org.h2.value.Value.getValueTooLongException(Value.java:2594)
		at org.h2.value.Value.convertToVarchar(Value.java:1282)
		at org.h2.value.Value.convertTo(Value.java:1138)
		at org.h2.value.Value.convertForAssignTo(Value.java:1113)
		at org.h2.table.Column.validateConvertUpdateSequence(Column.java:369)
		at org.h2.table.Table.convertInsertRow(Table.java:936)
		at org.h2.command.dml.Insert.insertRows(Insert.java:167)
		at org.h2.command.dml.Insert.update(Insert.java:135)
		at org.h2.command.CommandContainer.executeUpdateWithGeneratedKeys(CommandContainer.java:242)
		at org.h2.command.CommandContainer.update(CommandContainer.java:163)
		at org.h2.command.Command.executeUpdate(Command.java:256)
		at org.h2.jdbc.JdbcPreparedStatement.executeUpdateInternal(JdbcPreparedStatement.java:216)
		at org.h2.jdbc.JdbcPreparedStatement.executeUpdate(JdbcPreparedStatement.java:174)
		at com.zaxxer.hikari.pool.ProxyPreparedStatement.executeUpdate(ProxyPreparedStatement.java:61)
		at com.zaxxer.hikari.pool.HikariProxyPreparedStatement.executeUpdate(HikariProxyPreparedStatement.java)
		at com.yourname.yournameeats.dao.MenuItemDAOImpl.create(MenuItemDAOImpl.java:94)
		... 28 more
01-Sep-2026 14:35:11.435 INFO [localhost-startStop-2] org.apache.catalina.core.ApplicationContext.log SessionListener: contextDestroyed()
01-Sep-2026 14:35:11.440 INFO [localhost-startStop-2] org.apache.catalina.core.ApplicationContext.log ContextListener: contextDestroyed()
01-Sep-2026 14:35:33.610 INFO [localhost-startStop-1] org.apache.catalina.core.ApplicationContext.log ContextListener: contextInitialized()
01-Sep-2026 14:35:33.610 INFO [localhost-startStop-1] org.apache.catalina.core.ApplicationContext.log SessionListener: contextInitialized()
01-Sep-2026 14:35:33.614 INFO [localhost-startStop-1] org.apache.catalina.core.ApplicationContext.log ContextListener: attributeAdded('StockTicker', 'async.Stockticker@21f5c110')
01-Sep-2026 14:36:16.927 SEVERE [http-nio-8080-exec-6] org.apache.catalina.core.StandardWrapperValve.invoke Servlet.service() for servlet [com.yourname.yournameeats.controller.ManageMenuServlet] in context with path [/benedictjeromemart] threw exception
	java.lang.RuntimeException: Failed to create menu item
		at com.yourname.yournameeats.dao.MenuItemDAOImpl.create(MenuItemDAOImpl.java:101)
		at com.yourname.yournameeats.controller.ManageMenuServlet.doPost(ManageMenuServlet.java:138)
		at javax.servlet.http.HttpServlet.service(HttpServlet.java:515)
		at javax.servlet.http.HttpServlet.service(HttpServlet.java:583)
		at org.apache.catalina.core.ApplicationFilterChain.internalDoFilter(ApplicationFilterChain.java:212)
		at org.apache.catalina.core.ApplicationFilterChain.doFilter(ApplicationFilterChain.java:156)
		at org.apache.tomcat.websocket.server.WsFilter.doFilter(WsFilter.java:51)
		at org.apache.catalina.core.ApplicationFilterChain.internalDoFilter(ApplicationFilterChain.java:181)
		at org.apache.catalina.core.ApplicationFilterChain.doFilter(ApplicationFilterChain.java:156)
		at com.yourname.yournameeats.filter.AuthFilter.doFilter(AuthFilter.java:60)
		at org.apache.catalina.core.ApplicationFilterChain.internalDoFilter(ApplicationFilterChain.java:181)
		at org.apache.catalina.core.ApplicationFilterChain.doFilter(ApplicationFilterChain.java:156)
		at org.apache.catalina.core.StandardWrapperValve.invoke(StandardWrapperValve.java:168)
		at org.apache.catalina.core.StandardContextValve.invoke(StandardContextValve.java:90)
		at org.apache.catalina.authenticator.AuthenticatorBase.invoke(AuthenticatorBase.java:483)
		at org.apache.catalina.core.StandardHostValve.invoke(StandardHostValve.java:130)
		at org.apache.catalina.valves.ErrorReportValve.invoke(ErrorReportValve.java:93)
		at org.apache.catalina.valves.AbstractAccessLogValve.invoke(AbstractAccessLogValve.java:679)
		at org.apache.catalina.core.StandardEngineValve.invoke(StandardEngineValve.java:74)
		at org.apache.catalina.connector.CoyoteAdapter.service(CoyoteAdapter.java:342)
		at org.apache.coyote.http11.Http11Processor.service(Http11Processor.java:617)
		at org.apache.coyote.AbstractProcessorLight.process(AbstractProcessorLight.java:63)
		at org.apache.coyote.AbstractProtocol$ConnectionHandler.process(AbstractProtocol.java:934)
		at org.apache.tomcat.util.net.NioEndpoint$SocketProcessor.doRun(NioEndpoint.java:1698)
		at org.apache.tomcat.util.net.SocketProcessorBase.run(SocketProcessorBase.java:52)
		at org.apache.tomcat.util.threads.ThreadPoolExecutor.runWorker(ThreadPoolExecutor.java:1191)
		at org.apache.tomcat.util.threads.ThreadPoolExecutor$Worker.run(ThreadPoolExecutor.java:659)
		at org.apache.tomcat.util.threads.TaskThread$WrappingRunnable.run(TaskThread.java:61)
		at java.base/java.lang.Thread.run(Thread.java:840)
	Caused by: org.h2.jdbc.JdbcSQLDataException: Value too long for column "IMAGE_URL CHARACTER VARYING(500)": "'https://www.bing.com/images/search?view=detailV2&ccid=AdgqnowU&id=903CD31987AA5... (650)"; SQL statement:
INSERT INTO menu_items (restaurant_id, name, description, price, stock_qty, category, image_url) VALUES (?, ?, ?, ?, ?, ?, ?) [22001-224]
		at org.h2.message.DbException.getJdbcSQLException(DbException.java:518)
		at org.h2.message.DbException.getJdbcSQLException(DbException.java:489)
		at org.h2.message.DbException.get(DbException.java:223)
		at org.h2.message.DbException.getValueTooLongException(DbException.java:334)
		at org.h2.value.Value.getValueTooLongException(Value.java:2594)
		at org.h2.value.Value.convertToVarchar(Value.java:1282)
		at org.h2.value.Value.convertTo(Value.java:1138)
		at org.h2.value.Value.convertForAssignTo(Value.java:1113)
		at org.h2.table.Column.validateConvertUpdateSequence(Column.java:369)
		at org.h2.table.Table.convertInsertRow(Table.java:936)
		at org.h2.command.dml.Insert.insertRows(Insert.java:167)
		at org.h2.command.dml.Insert.update(Insert.java:135)
		at org.h2.command.CommandContainer.executeUpdateWithGeneratedKeys(CommandContainer.java:242)
		at org.h2.command.CommandContainer.update(CommandContainer.java:163)
		at org.h2.command.Command.executeUpdate(Command.java:256)
		at org.h2.jdbc.JdbcPreparedStatement.executeUpdateInternal(JdbcPreparedStatement.java:216)
		at org.h2.jdbc.JdbcPreparedStatement.executeUpdate(JdbcPreparedStatement.java:174)
		at com.zaxxer.hikari.pool.ProxyPreparedStatement.executeUpdate(ProxyPreparedStatement.java:61)
		at com.zaxxer.hikari.pool.HikariProxyPreparedStatement.executeUpdate(HikariProxyPreparedStatement.java)
		at com.yourname.yournameeats.dao.MenuItemDAOImpl.create(MenuItemDAOImpl.java:94)
		... 28 more
01-Sep-2026 14:38:29.633 SEVERE [http-nio-8080-exec-3] org.apache.catalina.core.StandardWrapperValve.invoke Servlet.service() for servlet [com.yourname.yournameeats.controller.OrderHistoryServlet] in context with path [/benedictjeromemart] threw exception
	com.google.gson.JsonIOException: Failed making field 'java.time.LocalDateTime#date' accessible; either increase its visibility or write a custom TypeAdapter for its declaring type.
		at com.google.gson.internal.reflect.ReflectionHelper.makeAccessible(ReflectionHelper.java:38)
		at com.google.gson.internal.bind.ReflectiveTypeAdapterFactory.getBoundFields(ReflectiveTypeAdapterFactory.java:286)
		at com.google.gson.internal.bind.ReflectiveTypeAdapterFactory.create(ReflectiveTypeAdapterFactory.java:130)
		at com.google.gson.Gson.getAdapter(Gson.java:556)
		at com.google.gson.internal.bind.ReflectiveTypeAdapterFactory.createBoundField(ReflectiveTypeAdapterFactory.java:160)
		at com.google.gson.internal.bind.ReflectiveTypeAdapterFactory.getBoundFields(ReflectiveTypeAdapterFactory.java:294)
		at com.google.gson.internal.bind.ReflectiveTypeAdapterFactory.create(ReflectiveTypeAdapterFactory.java:130)
		at com.google.gson.Gson.getAdapter(Gson.java:556)
		at com.google.gson.internal.bind.TypeAdapterRuntimeTypeWrapper.write(TypeAdapterRuntimeTypeWrapper.java:55)
		at com.google.gson.internal.bind.CollectionTypeAdapterFactory$Adapter.write(CollectionTypeAdapterFactory.java:97)
		at com.google.gson.internal.bind.CollectionTypeAdapterFactory$Adapter.write(CollectionTypeAdapterFactory.java:61)
		at com.google.gson.Gson.toJson(Gson.java:842)
		at com.google.gson.Gson.toJsonTree(Gson.java:712)
		at com.google.gson.Gson.toJsonTree(Gson.java:689)
		at com.yourname.yournameeats.controller.OrderHistoryServlet.doGet(OrderHistoryServlet.java:46)
		at javax.servlet.http.HttpServlet.service(HttpServlet.java:489)
		at javax.servlet.http.HttpServlet.service(HttpServlet.java:583)
		at org.apache.catalina.core.ApplicationFilterChain.internalDoFilter(ApplicationFilterChain.java:212)
		at org.apache.catalina.core.ApplicationFilterChain.doFilter(ApplicationFilterChain.java:156)
		at org.apache.tomcat.websocket.server.WsFilter.doFilter(WsFilter.java:51)
		at org.apache.catalina.core.ApplicationFilterChain.internalDoFilter(ApplicationFilterChain.java:181)
		at org.apache.catalina.core.ApplicationFilterChain.doFilter(ApplicationFilterChain.java:156)
		at com.yourname.yournameeats.filter.AuthFilter.doFilter(AuthFilter.java:60)
		at org.apache.catalina.core.ApplicationFilterChain.internalDoFilter(ApplicationFilterChain.java:181)
		at org.apache.catalina.core.ApplicationFilterChain.doFilter(ApplicationFilterChain.java:156)
		at org.apache.catalina.core.StandardWrapperValve.invoke(StandardWrapperValve.java:168)
		at org.apache.catalina.core.StandardContextValve.invoke(StandardContextValve.java:90)
		at org.apache.catalina.authenticator.AuthenticatorBase.invoke(AuthenticatorBase.java:483)
		at org.apache.catalina.core.StandardHostValve.invoke(StandardHostValve.java:130)
		at org.apache.catalina.valves.ErrorReportValve.invoke(ErrorReportValve.java:93)
		at org.apache.catalina.valves.AbstractAccessLogValve.invoke(AbstractAccessLogValve.java:679)
		at org.apache.catalina.core.StandardEngineValve.invoke(StandardEngineValve.java:74)
		at org.apache.catalina.connector.CoyoteAdapter.service(CoyoteAdapter.java:342)
		at org.apache.coyote.http11.Http11Processor.service(Http11Processor.java:617)
		at org.apache.coyote.AbstractProcessorLight.process(AbstractProcessorLight.java:63)
		at org.apache.coyote.AbstractProtocol$ConnectionHandler.process(AbstractProtocol.java:934)
		at org.apache.tomcat.util.net.NioEndpoint$SocketProcessor.doRun(NioEndpoint.java:1698)
		at org.apache.tomcat.util.net.SocketProcessorBase.run(SocketProcessorBase.java:52)
		at org.apache.tomcat.util.threads.ThreadPoolExecutor.runWorker(ThreadPoolExecutor.java:1191)
		at org.apache.tomcat.util.threads.ThreadPoolExecutor$Worker.run(ThreadPoolExecutor.java:659)
		at org.apache.tomcat.util.threads.TaskThread$WrappingRunnable.run(TaskThread.java:61)
		at java.base/java.lang.Thread.run(Thread.java:840)
	Caused by: java.lang.reflect.InaccessibleObjectException: Unable to make field private final java.time.LocalDate java.time.LocalDateTime.date accessible: module java.base does not "opens java.time" to unnamed module @31feb464
		at java.base/java.lang.reflect.AccessibleObject.checkCanSetAccessible(AccessibleObject.java:354)
		at java.base/java.lang.reflect.AccessibleObject.checkCanSetAccessible(AccessibleObject.java:297)
		at java.base/java.lang.reflect.Field.checkCanSetAccessible(Field.java:178)
		at java.base/java.lang.reflect.Field.setAccessible(Field.java:172)
		at com.google.gson.internal.reflect.ReflectionHelper.makeAccessible(ReflectionHelper.java:35)
		... 41 more
01-Sep-2026 14:39:09.211 SEVERE [http-nio-8080-exec-1] org.apache.catalina.core.StandardWrapperValve.invoke Servlet.service() for servlet [com.yourname.yournameeats.controller.OrderHistoryServlet] in context with path [/benedictjeromemart] threw exception
	com.google.gson.JsonIOException: Failed making field 'java.time.LocalDateTime#date' accessible; either increase its visibility or write a custom TypeAdapter for its declaring type.
		at com.google.gson.internal.reflect.ReflectionHelper.makeAccessible(ReflectionHelper.java:38)
		at com.google.gson.internal.bind.ReflectiveTypeAdapterFactory.getBoundFields(ReflectiveTypeAdapterFactory.java:286)
		at com.google.gson.internal.bind.ReflectiveTypeAdapterFactory.create(ReflectiveTypeAdapterFactory.java:130)
		at com.google.gson.Gson.getAdapter(Gson.java:556)
		at com.google.gson.internal.bind.ReflectiveTypeAdapterFactory.createBoundField(ReflectiveTypeAdapterFactory.java:160)
		at com.google.gson.internal.bind.ReflectiveTypeAdapterFactory.getBoundFields(ReflectiveTypeAdapterFactory.java:294)
		at com.google.gson.internal.bind.ReflectiveTypeAdapterFactory.create(ReflectiveTypeAdapterFactory.java:130)
		at com.google.gson.Gson.getAdapter(Gson.java:556)
		at com.google.gson.internal.bind.TypeAdapterRuntimeTypeWrapper.write(TypeAdapterRuntimeTypeWrapper.java:55)
		at com.google.gson.internal.bind.CollectionTypeAdapterFactory$Adapter.write(CollectionTypeAdapterFactory.java:97)
		at com.google.gson.internal.bind.CollectionTypeAdapterFactory$Adapter.write(CollectionTypeAdapterFactory.java:61)
		at com.google.gson.Gson.toJson(Gson.java:842)
		at com.google.gson.Gson.toJsonTree(Gson.java:712)
		at com.google.gson.Gson.toJsonTree(Gson.java:689)
		at com.yourname.yournameeats.controller.OrderHistoryServlet.doGet(OrderHistoryServlet.java:46)
		at javax.servlet.http.HttpServlet.service(HttpServlet.java:489)
		at javax.servlet.http.HttpServlet.service(HttpServlet.java:583)
		at org.apache.catalina.core.ApplicationFilterChain.internalDoFilter(ApplicationFilterChain.java:212)
		at org.apache.catalina.core.ApplicationFilterChain.doFilter(ApplicationFilterChain.java:156)
		at org.apache.tomcat.websocket.server.WsFilter.doFilter(WsFilter.java:51)
		at org.apache.catalina.core.ApplicationFilterChain.internalDoFilter(ApplicationFilterChain.java:181)
		at org.apache.catalina.core.ApplicationFilterChain.doFilter(ApplicationFilterChain.java:156)
		at com.yourname.yournameeats.filter.AuthFilter.doFilter(AuthFilter.java:60)
		at org.apache.catalina.core.ApplicationFilterChain.internalDoFilter(ApplicationFilterChain.java:181)
		at org.apache.catalina.core.ApplicationFilterChain.doFilter(ApplicationFilterChain.java:156)
		at org.apache.catalina.core.StandardWrapperValve.invoke(StandardWrapperValve.java:168)
		at org.apache.catalina.core.StandardContextValve.invoke(StandardContextValve.java:90)
		at org.apache.catalina.authenticator.AuthenticatorBase.invoke(AuthenticatorBase.java:483)
		at org.apache.catalina.core.StandardHostValve.invoke(StandardHostValve.java:130)
		at org.apache.catalina.valves.ErrorReportValve.invoke(ErrorReportValve.java:93)
		at org.apache.catalina.valves.AbstractAccessLogValve.invoke(AbstractAccessLogValve.java:679)
		at org.apache.catalina.core.StandardEngineValve.invoke(StandardEngineValve.java:74)
		at org.apache.catalina.connector.CoyoteAdapter.service(CoyoteAdapter.java:342)
		at org.apache.coyote.http11.Http11Processor.service(Http11Processor.java:617)
		at org.apache.coyote.AbstractProcessorLight.process(AbstractProcessorLight.java:63)
		at org.apache.coyote.AbstractProtocol$ConnectionHandler.process(AbstractProtocol.java:934)
		at org.apache.tomcat.util.net.NioEndpoint$SocketProcessor.doRun(NioEndpoint.java:1698)
		at org.apache.tomcat.util.net.SocketProcessorBase.run(SocketProcessorBase.java:52)
		at org.apache.tomcat.util.threads.ThreadPoolExecutor.runWorker(ThreadPoolExecutor.java:1191)
		at org.apache.tomcat.util.threads.ThreadPoolExecutor$Worker.run(ThreadPoolExecutor.java:659)
		at org.apache.tomcat.util.threads.TaskThread$WrappingRunnable.run(TaskThread.java:61)
		at java.base/java.lang.Thread.run(Thread.java:840)
	Caused by: java.lang.reflect.InaccessibleObjectException: Unable to make field private final java.time.LocalDate java.time.LocalDateTime.date accessible: module java.base does not "opens java.time" to unnamed module @31feb464
		at java.base/java.lang.reflect.AccessibleObject.checkCanSetAccessible(AccessibleObject.java:354)
		at java.base/java.lang.reflect.AccessibleObject.checkCanSetAccessible(AccessibleObject.java:297)
		at java.base/java.lang.reflect.Field.checkCanSetAccessible(Field.java:178)
		at java.base/java.lang.reflect.Field.setAccessible(Field.java:172)
		at com.google.gson.internal.reflect.ReflectionHelper.makeAccessible(ReflectionHelper.java:35)
		... 41 more
01-Sep-2026 14:42:07.407 SEVERE [http-nio-8080-exec-2] org.apache.catalina.core.StandardWrapperValve.invoke Servlet.service() for servlet [com.yourname.yournameeats.controller.ManageMenuServlet] in context with path [/benedictjeromemart] threw exception
	java.lang.RuntimeException: Failed to create menu item
		at com.yourname.yournameeats.dao.MenuItemDAOImpl.create(MenuItemDAOImpl.java:101)
		at com.yourname.yournameeats.controller.ManageMenuServlet.doPost(ManageMenuServlet.java:138)
		at javax.servlet.http.HttpServlet.service(HttpServlet.java:515)
		at javax.servlet.http.HttpServlet.service(HttpServlet.java:583)
		at org.apache.catalina.core.ApplicationFilterChain.internalDoFilter(ApplicationFilterChain.java:212)
		at org.apache.catalina.core.ApplicationFilterChain.doFilter(ApplicationFilterChain.java:156)
		at org.apache.tomcat.websocket.server.WsFilter.doFilter(WsFilter.java:51)
		at org.apache.catalina.core.ApplicationFilterChain.internalDoFilter(ApplicationFilterChain.java:181)
		at org.apache.catalina.core.ApplicationFilterChain.doFilter(ApplicationFilterChain.java:156)
		at com.yourname.yournameeats.filter.AuthFilter.doFilter(AuthFilter.java:60)
		at org.apache.catalina.core.ApplicationFilterChain.internalDoFilter(ApplicationFilterChain.java:181)
		at org.apache.catalina.core.ApplicationFilterChain.doFilter(ApplicationFilterChain.java:156)
		at org.apache.catalina.core.StandardWrapperValve.invoke(StandardWrapperValve.java:168)
		at org.apache.catalina.core.StandardContextValve.invoke(StandardContextValve.java:90)
		at org.apache.catalina.authenticator.AuthenticatorBase.invoke(AuthenticatorBase.java:483)
		at org.apache.catalina.core.StandardHostValve.invoke(StandardHostValve.java:130)
		at org.apache.catalina.valves.ErrorReportValve.invoke(ErrorReportValve.java:93)
		at org.apache.catalina.valves.AbstractAccessLogValve.invoke(AbstractAccessLogValve.java:679)
		at org.apache.catalina.core.StandardEngineValve.invoke(StandardEngineValve.java:74)
		at org.apache.catalina.connector.CoyoteAdapter.service(CoyoteAdapter.java:342)
		at org.apache.coyote.http11.Http11Processor.service(Http11Processor.java:617)
		at org.apache.coyote.AbstractProcessorLight.process(AbstractProcessorLight.java:63)
		at org.apache.coyote.AbstractProtocol$ConnectionHandler.process(AbstractProtocol.java:934)
		at org.apache.tomcat.util.net.NioEndpoint$SocketProcessor.doRun(NioEndpoint.java:1698)
		at org.apache.tomcat.util.net.SocketProcessorBase.run(SocketProcessorBase.java:52)
		at org.apache.tomcat.util.threads.ThreadPoolExecutor.runWorker(ThreadPoolExecutor.java:1191)
		at org.apache.tomcat.util.threads.ThreadPoolExecutor$Worker.run(ThreadPoolExecutor.java:659)
		at org.apache.tomcat.util.threads.TaskThread$WrappingRunnable.run(TaskThread.java:61)
		at java.base/java.lang.Thread.run(Thread.java:840)
	Caused by: org.h2.jdbc.JdbcSQLDataException: Value too long for column "IMAGE_URL CHARACTER VARYING(500)": "'https://www.bing.com/images/search?view=detailV2&ccid=AdgqnowU&id=903CD31987AA5... (650)"; SQL statement:
INSERT INTO menu_items (restaurant_id, name, description, price, stock_qty, category, image_url) VALUES (?, ?, ?, ?, ?, ?, ?) [22001-224]
		at org.h2.message.DbException.getJdbcSQLException(DbException.java:518)
		at org.h2.message.DbException.getJdbcSQLException(DbException.java:489)
		at org.h2.message.DbException.get(DbException.java:223)
		at org.h2.message.DbException.getValueTooLongException(DbException.java:334)
		at org.h2.value.Value.getValueTooLongException(Value.java:2594)
		at org.h2.value.Value.convertToVarchar(Value.java:1282)
		at org.h2.value.Value.convertTo(Value.java:1138)
		at org.h2.value.Value.convertForAssignTo(Value.java:1113)
		at org.h2.table.Column.validateConvertUpdateSequence(Column.java:369)
		at org.h2.table.Table.convertInsertRow(Table.java:936)
		at org.h2.command.dml.Insert.insertRows(Insert.java:167)
		at org.h2.command.dml.Insert.update(Insert.java:135)
		at org.h2.command.CommandContainer.executeUpdateWithGeneratedKeys(CommandContainer.java:242)
		at org.h2.command.CommandContainer.update(CommandContainer.java:163)
		at org.h2.command.Command.executeUpdate(Command.java:256)
		at org.h2.jdbc.JdbcPreparedStatement.executeUpdateInternal(JdbcPreparedStatement.java:216)
		at org.h2.jdbc.JdbcPreparedStatement.executeUpdate(JdbcPreparedStatement.java:174)
		at com.zaxxer.hikari.pool.ProxyPreparedStatement.executeUpdate(ProxyPreparedStatement.java:61)
		at com.zaxxer.hikari.pool.HikariProxyPreparedStatement.executeUpdate(HikariProxyPreparedStatement.java)
		at com.yourname.yournameeats.dao.MenuItemDAOImpl.create(MenuItemDAOImpl.java:94)
		... 28 more
01-Sep-2026 14:44:59.009 SEVERE [http-nio-8080-exec-1] org.apache.catalina.core.StandardWrapperValve.invoke Servlet.service() for servlet [com.yourname.yournameeats.controller.ManageMenuServlet] in context with path [/benedictjeromemart] threw exception
	java.lang.RuntimeException: Failed to create menu item
		at com.yourname.yournameeats.dao.MenuItemDAOImpl.create(MenuItemDAOImpl.java:101)
		at com.yourname.yournameeats.controller.ManageMenuServlet.doPost(ManageMenuServlet.java:138)
		at javax.servlet.http.HttpServlet.service(HttpServlet.java:515)
		at javax.servlet.http.HttpServlet.service(HttpServlet.java:583)
		at org.apache.catalina.core.ApplicationFilterChain.internalDoFilter(ApplicationFilterChain.java:212)
		at org.apache.catalina.core.ApplicationFilterChain.doFilter(ApplicationFilterChain.java:156)
		at org.apache.tomcat.websocket.server.WsFilter.doFilter(WsFilter.java:51)
		at org.apache.catalina.core.ApplicationFilterChain.internalDoFilter(ApplicationFilterChain.java:181)
		at org.apache.catalina.core.ApplicationFilterChain.doFilter(ApplicationFilterChain.java:156)
		at com.yourname.yournameeats.filter.AuthFilter.doFilter(AuthFilter.java:60)
		at org.apache.catalina.core.ApplicationFilterChain.internalDoFilter(ApplicationFilterChain.java:181)
		at org.apache.catalina.core.ApplicationFilterChain.doFilter(ApplicationFilterChain.java:156)
		at org.apache.catalina.core.StandardWrapperValve.invoke(StandardWrapperValve.java:168)
		at org.apache.catalina.core.StandardContextValve.invoke(StandardContextValve.java:90)
		at org.apache.catalina.authenticator.AuthenticatorBase.invoke(AuthenticatorBase.java:483)
		at org.apache.catalina.core.StandardHostValve.invoke(StandardHostValve.java:130)
		at org.apache.catalina.valves.ErrorReportValve.invoke(ErrorReportValve.java:93)
		at org.apache.catalina.valves.AbstractAccessLogValve.invoke(AbstractAccessLogValve.java:679)
		at org.apache.catalina.core.StandardEngineValve.invoke(StandardEngineValve.java:74)
		at org.apache.catalina.connector.CoyoteAdapter.service(CoyoteAdapter.java:342)
		at org.apache.coyote.http11.Http11Processor.service(Http11Processor.java:617)
		at org.apache.coyote.AbstractProcessorLight.process(AbstractProcessorLight.java:63)
		at org.apache.coyote.AbstractProtocol$ConnectionHandler.process(AbstractProtocol.java:934)
		at org.apache.tomcat.util.net.NioEndpoint$SocketProcessor.doRun(NioEndpoint.java:1698)
		at org.apache.tomcat.util.net.SocketProcessorBase.run(SocketProcessorBase.java:52)
		at org.apache.tomcat.util.threads.ThreadPoolExecutor.runWorker(ThreadPoolExecutor.java:1191)
		at org.apache.tomcat.util.threads.ThreadPoolExecutor$Worker.run(ThreadPoolExecutor.java:659)
		at org.apache.tomcat.util.threads.TaskThread$WrappingRunnable.run(TaskThread.java:61)
		at java.base/java.lang.Thread.run(Thread.java:840)
	Caused by: org.h2.jdbc.JdbcSQLDataException: Value too long for column "IMAGE_URL CHARACTER VARYING(500)": "'https://www.bing.com/images/search?view=detailV2&ccid=AdgqnowU&id=903CD31987AA5... (650)"; SQL statement:
INSERT INTO menu_items (restaurant_id, name, description, price, stock_qty, category, image_url) VALUES (?, ?, ?, ?, ?, ?, ?) [22001-224]
		at org.h2.message.DbException.getJdbcSQLException(DbException.java:518)
		at org.h2.message.DbException.getJdbcSQLException(DbException.java:489)
		at org.h2.message.DbException.get(DbException.java:223)
		at org.h2.message.DbException.getValueTooLongException(DbException.java:334)
		at org.h2.value.Value.getValueTooLongException(Value.java:2594)
		at org.h2.value.Value.convertToVarchar(Value.java:1282)
		at org.h2.value.Value.convertTo(Value.java:1138)
		at org.h2.value.Value.convertForAssignTo(Value.java:1113)
		at org.h2.table.Column.validateConvertUpdateSequence(Column.java:369)
		at org.h2.table.Table.convertInsertRow(Table.java:936)
		at org.h2.command.dml.Insert.insertRows(Insert.java:167)
		at org.h2.command.dml.Insert.update(Insert.java:135)
		at org.h2.command.CommandContainer.executeUpdateWithGeneratedKeys(CommandContainer.java:242)
		at org.h2.command.CommandContainer.update(CommandContainer.java:163)
		at org.h2.command.Command.executeUpdate(Command.java:256)
		at org.h2.jdbc.JdbcPreparedStatement.executeUpdateInternal(JdbcPreparedStatement.java:216)
		at org.h2.jdbc.JdbcPreparedStatement.executeUpdate(JdbcPreparedStatement.java:174)
		at com.zaxxer.hikari.pool.ProxyPreparedStatement.executeUpdate(ProxyPreparedStatement.java:61)
		at com.zaxxer.hikari.pool.HikariProxyPreparedStatement.executeUpdate(HikariProxyPreparedStatement.java)
		at com.yourname.yournameeats.dao.MenuItemDAOImpl.create(MenuItemDAOImpl.java:94)
		... 28 more
01-Sep-2026 14:45:10.373 SEVERE [http-nio-8080-exec-7] org.apache.catalina.core.StandardWrapperValve.invoke Servlet.service() for servlet [com.yourname.yournameeats.controller.ManageMenuServlet] in context with path [/benedictjeromemart] threw exception
	java.lang.RuntimeException: Failed to create menu item
		at com.yourname.yournameeats.dao.MenuItemDAOImpl.create(MenuItemDAOImpl.java:101)
		at com.yourname.yournameeats.controller.ManageMenuServlet.doPost(ManageMenuServlet.java:138)
		at javax.servlet.http.HttpServlet.service(HttpServlet.java:515)
		at javax.servlet.http.HttpServlet.service(HttpServlet.java:583)
		at org.apache.catalina.core.ApplicationFilterChain.internalDoFilter(ApplicationFilterChain.java:212)
		at org.apache.catalina.core.ApplicationFilterChain.doFilter(ApplicationFilterChain.java:156)
		at org.apache.tomcat.websocket.server.WsFilter.doFilter(WsFilter.java:51)
		at org.apache.catalina.core.ApplicationFilterChain.internalDoFilter(ApplicationFilterChain.java:181)
		at org.apache.catalina.core.ApplicationFilterChain.doFilter(ApplicationFilterChain.java:156)
		at com.yourname.yournameeats.filter.AuthFilter.doFilter(AuthFilter.java:60)
		at org.apache.catalina.core.ApplicationFilterChain.internalDoFilter(ApplicationFilterChain.java:181)
		at org.apache.catalina.core.ApplicationFilterChain.doFilter(ApplicationFilterChain.java:156)
		at org.apache.catalina.core.StandardWrapperValve.invoke(StandardWrapperValve.java:168)
		at org.apache.catalina.core.StandardContextValve.invoke(StandardContextValve.java:90)
		at org.apache.catalina.authenticator.AuthenticatorBase.invoke(AuthenticatorBase.java:483)
		at org.apache.catalina.core.StandardHostValve.invoke(StandardHostValve.java:130)
		at org.apache.catalina.valves.ErrorReportValve.invoke(ErrorReportValve.java:93)
		at org.apache.catalina.valves.AbstractAccessLogValve.invoke(AbstractAccessLogValve.java:679)
		at org.apache.catalina.core.StandardEngineValve.invoke(StandardEngineValve.java:74)
		at org.apache.catalina.connector.CoyoteAdapter.service(CoyoteAdapter.java:342)
		at org.apache.coyote.http11.Http11Processor.service(Http11Processor.java:617)
		at org.apache.coyote.AbstractProcessorLight.process(AbstractProcessorLight.java:63)
		at org.apache.coyote.AbstractProtocol$ConnectionHandler.process(AbstractProtocol.java:934)
		at org.apache.tomcat.util.net.NioEndpoint$SocketProcessor.doRun(NioEndpoint.java:1698)
		at org.apache.tomcat.util.net.SocketProcessorBase.run(SocketProcessorBase.java:52)
		at org.apache.tomcat.util.threads.ThreadPoolExecutor.runWorker(ThreadPoolExecutor.java:1191)
		at org.apache.tomcat.util.threads.ThreadPoolExecutor$Worker.run(ThreadPoolExecutor.java:659)
		at org.apache.tomcat.util.threads.TaskThread$WrappingRunnable.run(TaskThread.java:61)
		at java.base/java.lang.Thread.run(Thread.java:840)
	Caused by: org.h2.jdbc.JdbcSQLDataException: Value too long for column "IMAGE_URL CHARACTER VARYING(500)": "'https://www.bing.com/images/search?view=detailV2&ccid=AdgqnowU&id=903CD31987AA5... (650)"; SQL statement:
INSERT INTO menu_items (restaurant_id, name, description, price, stock_qty, category, image_url) VALUES (?, ?, ?, ?, ?, ?, ?) [22001-224]
		at org.h2.message.DbException.getJdbcSQLException(DbException.java:518)
		at org.h2.message.DbException.getJdbcSQLException(DbException.java:489)
		at org.h2.message.DbException.get(DbException.java:223)
		at org.h2.message.DbException.getValueTooLongException(DbException.java:334)
		at org.h2.value.Value.getValueTooLongException(Value.java:2594)
		at org.h2.value.Value.convertToVarchar(Value.java:1282)
		at org.h2.value.Value.convertTo(Value.java:1138)
		at org.h2.value.Value.convertForAssignTo(Value.java:1113)
		at org.h2.table.Column.validateConvertUpdateSequence(Column.java:369)
		at org.h2.table.Table.convertInsertRow(Table.java:936)
		at org.h2.command.dml.Insert.insertRows(Insert.java:167)
		at org.h2.command.dml.Insert.update(Insert.java:135)
		at org.h2.command.CommandContainer.executeUpdateWithGeneratedKeys(CommandContainer.java:242)
		at org.h2.command.CommandContainer.update(CommandContainer.java:163)
		at org.h2.command.Command.executeUpdate(Command.java:256)
		at org.h2.jdbc.JdbcPreparedStatement.executeUpdateInternal(JdbcPreparedStatement.java:216)
		at org.h2.jdbc.JdbcPreparedStatement.executeUpdate(JdbcPreparedStatement.java:174)
		at com.zaxxer.hikari.pool.ProxyPreparedStatement.executeUpdate(ProxyPreparedStatement.java:61)
		at com.zaxxer.hikari.pool.HikariProxyPreparedStatement.executeUpdate(HikariProxyPreparedStatement.java)
		at com.yourname.yournameeats.dao.MenuItemDAOImpl.create(MenuItemDAOImpl.java:94)
		... 28 more
01-Sep-2026 14:48:51.884 INFO [localhost-startStop-2] org.apache.catalina.core.ApplicationContext.log SessionListener: contextDestroyed()
01-Sep-2026 14:48:51.884 INFO [localhost-startStop-2] org.apache.catalina.core.ApplicationContext.log ContextListener: contextDestroyed()
01-Sep-2026 14:49:08.355 INFO [localhost-startStop-1] org.apache.catalina.core.ApplicationContext.log ContextListener: contextInitialized()
01-Sep-2026 14:49:08.355 INFO [localhost-startStop-1] org.apache.catalina.core.ApplicationContext.log SessionListener: contextInitialized()
01-Sep-2026 14:49:08.357 INFO [localhost-startStop-1] org.apache.catalina.core.ApplicationContext.log ContextListener: attributeAdded('StockTicker', 'async.Stockticker@e31e463')
01-Sep-2026 14:49:39.993 SEVERE [http-nio-8080-exec-9] org.apache.catalina.core.StandardWrapperValve.invoke Servlet.service() for servlet [com.yourname.yournameeats.controller.ManageMenuServlet] in context with path [/benedictjeromemart] threw exception
	java.lang.RuntimeException: Failed to create menu item
		at com.yourname.yournameeats.dao.MenuItemDAOImpl.create(MenuItemDAOImpl.java:101)
		at com.yourname.yournameeats.controller.ManageMenuServlet.doPost(ManageMenuServlet.java:138)
		at javax.servlet.http.HttpServlet.service(HttpServlet.java:515)
		at javax.servlet.http.HttpServlet.service(HttpServlet.java:583)
		at org.apache.catalina.core.ApplicationFilterChain.internalDoFilter(ApplicationFilterChain.java:212)
		at org.apache.catalina.core.ApplicationFilterChain.doFilter(ApplicationFilterChain.java:156)
		at org.apache.tomcat.websocket.server.WsFilter.doFilter(WsFilter.java:51)
		at org.apache.catalina.core.ApplicationFilterChain.internalDoFilter(ApplicationFilterChain.java:181)
		at org.apache.catalina.core.ApplicationFilterChain.doFilter(ApplicationFilterChain.java:156)
		at com.yourname.yournameeats.filter.AuthFilter.doFilter(AuthFilter.java:60)
		at org.apache.catalina.core.ApplicationFilterChain.internalDoFilter(ApplicationFilterChain.java:181)
		at org.apache.catalina.core.ApplicationFilterChain.doFilter(ApplicationFilterChain.java:156)
		at org.apache.catalina.core.StandardWrapperValve.invoke(StandardWrapperValve.java:168)
		at org.apache.catalina.core.StandardContextValve.invoke(StandardContextValve.java:90)
		at org.apache.catalina.authenticator.AuthenticatorBase.invoke(AuthenticatorBase.java:483)
		at org.apache.catalina.core.StandardHostValve.invoke(StandardHostValve.java:130)
		at org.apache.catalina.valves.ErrorReportValve.invoke(ErrorReportValve.java:93)
		at org.apache.catalina.valves.AbstractAccessLogValve.invoke(AbstractAccessLogValve.java:679)
		at org.apache.catalina.core.StandardEngineValve.invoke(StandardEngineValve.java:74)
		at org.apache.catalina.connector.CoyoteAdapter.service(CoyoteAdapter.java:342)
		at org.apache.coyote.http11.Http11Processor.service(Http11Processor.java:617)
		at org.apache.coyote.AbstractProcessorLight.process(AbstractProcessorLight.java:63)
		at org.apache.coyote.AbstractProtocol$ConnectionHandler.process(AbstractProtocol.java:934)
		at org.apache.tomcat.util.net.NioEndpoint$SocketProcessor.doRun(NioEndpoint.java:1698)
		at org.apache.tomcat.util.net.SocketProcessorBase.run(SocketProcessorBase.java:52)
		at org.apache.tomcat.util.threads.ThreadPoolExecutor.runWorker(ThreadPoolExecutor.java:1191)
		at org.apache.tomcat.util.threads.ThreadPoolExecutor$Worker.run(ThreadPoolExecutor.java:659)
		at org.apache.tomcat.util.threads.TaskThread$WrappingRunnable.run(TaskThread.java:61)
		at java.base/java.lang.Thread.run(Thread.java:840)
	Caused by: org.h2.jdbc.JdbcSQLDataException: Value too long for column "IMAGE_URL CHARACTER VARYING(500)": "'https://www.bing.com/images/search?view=detailV2&ccid=AdgqnowU&id=903CD31987AA5... (650)"; SQL statement:
INSERT INTO menu_items (restaurant_id, name, description, price, stock_qty, category, image_url) VALUES (?, ?, ?, ?, ?, ?, ?) [22001-224]
		at org.h2.message.DbException.getJdbcSQLException(DbException.java:518)
		at org.h2.message.DbException.getJdbcSQLException(DbException.java:489)
		at org.h2.message.DbException.get(DbException.java:223)
		at org.h2.message.DbException.getValueTooLongException(DbException.java:334)
		at org.h2.value.Value.getValueTooLongException(Value.java:2594)
		at org.h2.value.Value.convertToVarchar(Value.java:1282)
		at org.h2.value.Value.convertTo(Value.java:1138)
		at org.h2.value.Value.convertForAssignTo(Value.java:1113)
		at org.h2.table.Column.validateConvertUpdateSequence(Column.java:369)
		at org.h2.table.Table.convertInsertRow(Table.java:936)
		at org.h2.command.dml.Insert.insertRows(Insert.java:167)
		at org.h2.command.dml.Insert.update(Insert.java:135)
		at org.h2.command.CommandContainer.executeUpdateWithGeneratedKeys(CommandContainer.java:242)
		at org.h2.command.CommandContainer.update(CommandContainer.java:163)
		at org.h2.command.Command.executeUpdate(Command.java:256)
		at org.h2.jdbc.JdbcPreparedStatement.executeUpdateInternal(JdbcPreparedStatement.java:216)
		at org.h2.jdbc.JdbcPreparedStatement.executeUpdate(JdbcPreparedStatement.java:174)
		at com.zaxxer.hikari.pool.ProxyPreparedStatement.executeUpdate(ProxyPreparedStatement.java:61)
		at com.zaxxer.hikari.pool.HikariProxyPreparedStatement.executeUpdate(HikariProxyPreparedStatement.java)
		at com.yourname.yournameeats.dao.MenuItemDAOImpl.create(MenuItemDAOImpl.java:94)
		... 28 more
01-Sep-2026 14:50:06.810 SEVERE [http-nio-8080-exec-2] org.apache.catalina.core.StandardWrapperValve.invoke Servlet.service() for servlet [com.yourname.yournameeats.controller.ManageMenuServlet] in context with path [/benedictjeromemart] threw exception
	java.lang.RuntimeException: Failed to create menu item
		at com.yourname.yournameeats.dao.MenuItemDAOImpl.create(MenuItemDAOImpl.java:101)
		at com.yourname.yournameeats.controller.ManageMenuServlet.doPost(ManageMenuServlet.java:138)
		at javax.servlet.http.HttpServlet.service(HttpServlet.java:515)
		at javax.servlet.http.HttpServlet.service(HttpServlet.java:583)
		at org.apache.catalina.core.ApplicationFilterChain.internalDoFilter(ApplicationFilterChain.java:212)
		at org.apache.catalina.core.ApplicationFilterChain.doFilter(ApplicationFilterChain.java:156)
		at org.apache.tomcat.websocket.server.WsFilter.doFilter(WsFilter.java:51)
		at org.apache.catalina.core.ApplicationFilterChain.internalDoFilter(ApplicationFilterChain.java:181)
		at org.apache.catalina.core.ApplicationFilterChain.doFilter(ApplicationFilterChain.java:156)
		at com.yourname.yournameeats.filter.AuthFilter.doFilter(AuthFilter.java:60)
		at org.apache.catalina.core.ApplicationFilterChain.internalDoFilter(ApplicationFilterChain.java:181)
		at org.apache.catalina.core.ApplicationFilterChain.doFilter(ApplicationFilterChain.java:156)
		at org.apache.catalina.core.StandardWrapperValve.invoke(StandardWrapperValve.java:168)
		at org.apache.catalina.core.StandardContextValve.invoke(StandardContextValve.java:90)
		at org.apache.catalina.authenticator.AuthenticatorBase.invoke(AuthenticatorBase.java:483)
		at org.apache.catalina.core.StandardHostValve.invoke(StandardHostValve.java:130)
		at org.apache.catalina.valves.ErrorReportValve.invoke(ErrorReportValve.java:93)
		at org.apache.catalina.valves.AbstractAccessLogValve.invoke(AbstractAccessLogValve.java:679)
		at org.apache.catalina.core.StandardEngineValve.invoke(StandardEngineValve.java:74)
		at org.apache.catalina.connector.CoyoteAdapter.service(CoyoteAdapter.java:342)
		at org.apache.coyote.http11.Http11Processor.service(Http11Processor.java:617)
		at org.apache.coyote.AbstractProcessorLight.process(AbstractProcessorLight.java:63)
		at org.apache.coyote.AbstractProtocol$ConnectionHandler.process(AbstractProtocol.java:934)
		at org.apache.tomcat.util.net.NioEndpoint$SocketProcessor.doRun(NioEndpoint.java:1698)
		at org.apache.tomcat.util.net.SocketProcessorBase.run(SocketProcessorBase.java:52)
		at org.apache.tomcat.util.threads.ThreadPoolExecutor.runWorker(ThreadPoolExecutor.java:1191)
		at org.apache.tomcat.util.threads.ThreadPoolExecutor$Worker.run(ThreadPoolExecutor.java:659)
		at org.apache.tomcat.util.threads.TaskThread$WrappingRunnable.run(TaskThread.java:61)
		at java.base/java.lang.Thread.run(Thread.java:840)
	Caused by: org.h2.jdbc.JdbcSQLDataException: Value too long for column "IMAGE_URL CHARACTER VARYING(500)": "'https://www.bing.com/images/search?view=detailV2&ccid=AdgqnowU&id=903CD31987AA5... (650)"; SQL statement:
INSERT INTO menu_items (restaurant_id, name, description, price, stock_qty, category, image_url) VALUES (?, ?, ?, ?, ?, ?, ?) [22001-224]
		at org.h2.message.DbException.getJdbcSQLException(DbException.java:518)
		at org.h2.message.DbException.getJdbcSQLException(DbException.java:489)
		at org.h2.message.DbException.get(DbException.java:223)
		at org.h2.message.DbException.getValueTooLongException(DbException.java:334)
		at org.h2.value.Value.getValueTooLongException(Value.java:2594)
		at org.h2.value.Value.convertToVarchar(Value.java:1282)
		at org.h2.value.Value.convertTo(Value.java:1138)
		at org.h2.value.Value.convertForAssignTo(Value.java:1113)
		at org.h2.table.Column.validateConvertUpdateSequence(Column.java:369)
		at org.h2.table.Table.convertInsertRow(Table.java:936)
		at org.h2.command.dml.Insert.insertRows(Insert.java:167)
		at org.h2.command.dml.Insert.update(Insert.java:135)
		at org.h2.command.CommandContainer.executeUpdateWithGeneratedKeys(CommandContainer.java:242)
		at org.h2.command.CommandContainer.update(CommandContainer.java:163)
		at org.h2.command.Command.executeUpdate(Command.java:256)
		at org.h2.jdbc.JdbcPreparedStatement.executeUpdateInternal(JdbcPreparedStatement.java:216)
		at org.h2.jdbc.JdbcPreparedStatement.executeUpdate(JdbcPreparedStatement.java:174)
		at com.zaxxer.hikari.pool.ProxyPreparedStatement.executeUpdate(ProxyPreparedStatement.java:61)
		at com.zaxxer.hikari.pool.HikariProxyPreparedStatement.executeUpdate(HikariProxyPreparedStatement.java)
		at com.yourname.yournameeats.dao.MenuItemDAOImpl.create(MenuItemDAOImpl.java:94)
		... 28 more
01-Sep-2026 15:04:30.796 SEVERE [http-nio-8080-exec-4] org.apache.catalina.core.StandardWrapperValve.invoke Servlet.service() for servlet [com.yourname.yournameeats.controller.ManageMenuServlet] in context with path [/benedictjeromemart] threw exception
	java.lang.RuntimeException: Failed to create menu item
		at com.yourname.yournameeats.dao.MenuItemDAOImpl.create(MenuItemDAOImpl.java:101)
		at com.yourname.yournameeats.controller.ManageMenuServlet.doPost(ManageMenuServlet.java:138)
		at javax.servlet.http.HttpServlet.service(HttpServlet.java:515)
		at javax.servlet.http.HttpServlet.service(HttpServlet.java:583)
		at org.apache.catalina.core.ApplicationFilterChain.internalDoFilter(ApplicationFilterChain.java:212)
		at org.apache.catalina.core.ApplicationFilterChain.doFilter(ApplicationFilterChain.java:156)
		at org.apache.tomcat.websocket.server.WsFilter.doFilter(WsFilter.java:51)
		at org.apache.catalina.core.ApplicationFilterChain.internalDoFilter(ApplicationFilterChain.java:181)
		at org.apache.catalina.core.ApplicationFilterChain.doFilter(ApplicationFilterChain.java:156)
		at com.yourname.yournameeats.filter.AuthFilter.doFilter(AuthFilter.java:60)
		at org.apache.catalina.core.ApplicationFilterChain.internalDoFilter(ApplicationFilterChain.java:181)
		at org.apache.catalina.core.ApplicationFilterChain.doFilter(ApplicationFilterChain.java:156)
		at org.apache.catalina.core.StandardWrapperValve.invoke(StandardWrapperValve.java:168)
		at org.apache.catalina.core.StandardContextValve.invoke(StandardContextValve.java:90)
		at org.apache.catalina.authenticator.AuthenticatorBase.invoke(AuthenticatorBase.java:483)
		at org.apache.catalina.core.StandardHostValve.invoke(StandardHostValve.java:130)
		at org.apache.catalina.valves.ErrorReportValve.invoke(ErrorReportValve.java:93)
		at org.apache.catalina.valves.AbstractAccessLogValve.invoke(AbstractAccessLogValve.java:679)
		at org.apache.catalina.core.StandardEngineValve.invoke(StandardEngineValve.java:74)
		at org.apache.catalina.connector.CoyoteAdapter.service(CoyoteAdapter.java:342)
		at org.apache.coyote.http11.Http11Processor.service(Http11Processor.java:617)
		at org.apache.coyote.AbstractProcessorLight.process(AbstractProcessorLight.java:63)
		at org.apache.coyote.AbstractProtocol$ConnectionHandler.process(AbstractProtocol.java:934)
		at org.apache.tomcat.util.net.NioEndpoint$SocketProcessor.doRun(NioEndpoint.java:1698)
		at org.apache.tomcat.util.net.SocketProcessorBase.run(SocketProcessorBase.java:52)
		at org.apache.tomcat.util.threads.ThreadPoolExecutor.runWorker(ThreadPoolExecutor.java:1191)
		at org.apache.tomcat.util.threads.ThreadPoolExecutor$Worker.run(ThreadPoolExecutor.java:659)
		at org.apache.tomcat.util.threads.TaskThread$WrappingRunnable.run(TaskThread.java:61)
		at java.base/java.lang.Thread.run(Thread.java:840)
	Caused by: org.h2.jdbc.JdbcSQLDataException: Value too long for column "IMAGE_URL CHARACTER VARYING(500)": "'https://www.bing.com/images/search?view=detailV2&ccid=AdgqnowU&id=903CD31987AA5... (650)"; SQL statement:
INSERT INTO menu_items (restaurant_id, name, description, price, stock_qty, category, image_url) VALUES (?, ?, ?, ?, ?, ?, ?) [22001-224]
		at org.h2.message.DbException.getJdbcSQLException(DbException.java:518)
		at org.h2.message.DbException.getJdbcSQLException(DbException.java:489)
		at org.h2.message.DbException.get(DbException.java:223)
		at org.h2.message.DbException.getValueTooLongException(DbException.java:334)
		at org.h2.value.Value.getValueTooLongException(Value.java:2594)
		at org.h2.value.Value.convertToVarchar(Value.java:1282)
		at org.h2.value.Value.convertTo(Value.java:1138)
		at org.h2.value.Value.convertForAssignTo(Value.java:1113)
		at org.h2.table.Column.validateConvertUpdateSequence(Column.java:369)
		at org.h2.table.Table.convertInsertRow(Table.java:936)
		at org.h2.command.dml.Insert.insertRows(Insert.java:167)
		at org.h2.command.dml.Insert.update(Insert.java:135)
		at org.h2.command.CommandContainer.executeUpdateWithGeneratedKeys(CommandContainer.java:242)
		at org.h2.command.CommandContainer.update(CommandContainer.java:163)
		at org.h2.command.Command.executeUpdate(Command.java:256)
		at org.h2.jdbc.JdbcPreparedStatement.executeUpdateInternal(JdbcPreparedStatement.java:216)
		at org.h2.jdbc.JdbcPreparedStatement.executeUpdate(JdbcPreparedStatement.java:174)
		at com.zaxxer.hikari.pool.ProxyPreparedStatement.executeUpdate(ProxyPreparedStatement.java:61)
		at com.zaxxer.hikari.pool.HikariProxyPreparedStatement.executeUpdate(HikariProxyPreparedStatement.java)
		at com.yourname.yournameeats.dao.MenuItemDAOImpl.create(MenuItemDAOImpl.java:94)
		... 28 more
01-Sep-2026 15:04:43.569 SEVERE [http-nio-8080-exec-2] org.apache.catalina.core.StandardWrapperValve.invoke Servlet.service() for servlet [com.yourname.yournameeats.controller.ManageMenuServlet] in context with path [/benedictjeromemart] threw exception
	java.lang.RuntimeException: Failed to create menu item
		at com.yourname.yournameeats.dao.MenuItemDAOImpl.create(MenuItemDAOImpl.java:101)
		at com.yourname.yournameeats.controller.ManageMenuServlet.doPost(ManageMenuServlet.java:138)
		at javax.servlet.http.HttpServlet.service(HttpServlet.java:515)
		at javax.servlet.http.HttpServlet.service(HttpServlet.java:583)
		at org.apache.catalina.core.ApplicationFilterChain.internalDoFilter(ApplicationFilterChain.java:212)
		at org.apache.catalina.core.ApplicationFilterChain.doFilter(ApplicationFilterChain.java:156)
		at org.apache.tomcat.websocket.server.WsFilter.doFilter(WsFilter.java:51)
		at org.apache.catalina.core.ApplicationFilterChain.internalDoFilter(ApplicationFilterChain.java:181)
		at org.apache.catalina.core.ApplicationFilterChain.doFilter(ApplicationFilterChain.java:156)
		at com.yourname.yournameeats.filter.AuthFilter.doFilter(AuthFilter.java:60)
		at org.apache.catalina.core.ApplicationFilterChain.internalDoFilter(ApplicationFilterChain.java:181)
		at org.apache.catalina.core.ApplicationFilterChain.doFilter(ApplicationFilterChain.java:156)
		at org.apache.catalina.core.StandardWrapperValve.invoke(StandardWrapperValve.java:168)
		at org.apache.catalina.core.StandardContextValve.invoke(StandardContextValve.java:90)
		at org.apache.catalina.authenticator.AuthenticatorBase.invoke(AuthenticatorBase.java:483)
		at org.apache.catalina.core.StandardHostValve.invoke(StandardHostValve.java:130)
		at org.apache.catalina.valves.ErrorReportValve.invoke(ErrorReportValve.java:93)
		at org.apache.catalina.valves.AbstractAccessLogValve.invoke(AbstractAccessLogValve.java:679)
		at org.apache.catalina.core.StandardEngineValve.invoke(StandardEngineValve.java:74)
		at org.apache.catalina.connector.CoyoteAdapter.service(CoyoteAdapter.java:342)
		at org.apache.coyote.http11.Http11Processor.service(Http11Processor.java:617)
		at org.apache.coyote.AbstractProcessorLight.process(AbstractProcessorLight.java:63)
		at org.apache.coyote.AbstractProtocol$ConnectionHandler.process(AbstractProtocol.java:934)
		at org.apache.tomcat.util.net.NioEndpoint$SocketProcessor.doRun(NioEndpoint.java:1698)
		at org.apache.tomcat.util.net.SocketProcessorBase.run(SocketProcessorBase.java:52)
		at org.apache.tomcat.util.threads.ThreadPoolExecutor.runWorker(ThreadPoolExecutor.java:1191)
		at org.apache.tomcat.util.threads.ThreadPoolExecutor$Worker.run(ThreadPoolExecutor.java:659)
		at org.apache.tomcat.util.threads.TaskThread$WrappingRunnable.run(TaskThread.java:61)
		at java.base/java.lang.Thread.run(Thread.java:840)
	Caused by: org.h2.jdbc.JdbcSQLDataException: Value too long for column "IMAGE_URL CHARACTER VARYING(500)": "'https://www.bing.com/images/search?view=detailV2&ccid=AdgqnowU&id=903CD31987AA5... (650)"; SQL statement:
INSERT INTO menu_items (restaurant_id, name, description, price, stock_qty, category, image_url) VALUES (?, ?, ?, ?, ?, ?, ?) [22001-224]
		at org.h2.message.DbException.getJdbcSQLException(DbException.java:518)
		at org.h2.message.DbException.getJdbcSQLException(DbException.java:489)
		at org.h2.message.DbException.get(DbException.java:223)
		at org.h2.message.DbException.getValueTooLongException(DbException.java:334)
		at org.h2.value.Value.getValueTooLongException(Value.java:2594)
		at org.h2.value.Value.convertToVarchar(Value.java:1282)
		at org.h2.value.Value.convertTo(Value.java:1138)
		at org.h2.value.Value.convertForAssignTo(Value.java:1113)
		at org.h2.table.Column.validateConvertUpdateSequence(Column.java:369)
		at org.h2.table.Table.convertInsertRow(Table.java:936)
		at org.h2.command.dml.Insert.insertRows(Insert.java:167)
		at org.h2.command.dml.Insert.update(Insert.java:135)
		at org.h2.command.CommandContainer.executeUpdateWithGeneratedKeys(CommandContainer.java:242)
		at org.h2.command.CommandContainer.update(CommandContainer.java:163)
		at org.h2.command.Command.executeUpdate(Command.java:256)
		at org.h2.jdbc.JdbcPreparedStatement.executeUpdateInternal(JdbcPreparedStatement.java:216)
		at org.h2.jdbc.JdbcPreparedStatement.executeUpdate(JdbcPreparedStatement.java:174)
		at com.zaxxer.hikari.pool.ProxyPreparedStatement.executeUpdate(ProxyPreparedStatement.java:61)
		at com.zaxxer.hikari.pool.HikariProxyPreparedStatement.executeUpdate(HikariProxyPreparedStatement.java)
		at com.yourname.yournameeats.dao.MenuItemDAOImpl.create(MenuItemDAOImpl.java:94)
		... 28 more
01-Sep-2026 15:06:04.308 SEVERE [http-nio-8080-exec-6] org.apache.catalina.core.StandardWrapperValve.invoke Servlet.service() for servlet [com.yourname.yournameeats.controller.ManageMenuServlet] in context with path [/benedictjeromemart] threw exception
	java.lang.RuntimeException: Failed to create menu item
		at com.yourname.yournameeats.dao.MenuItemDAOImpl.create(MenuItemDAOImpl.java:101)
		at com.yourname.yournameeats.controller.ManageMenuServlet.doPost(ManageMenuServlet.java:138)
		at javax.servlet.http.HttpServlet.service(HttpServlet.java:515)
		at javax.servlet.http.HttpServlet.service(HttpServlet.java:583)
		at org.apache.catalina.core.ApplicationFilterChain.internalDoFilter(ApplicationFilterChain.java:212)
		at org.apache.catalina.core.ApplicationFilterChain.doFilter(ApplicationFilterChain.java:156)
		at org.apache.tomcat.websocket.server.WsFilter.doFilter(WsFilter.java:51)
		at org.apache.catalina.core.ApplicationFilterChain.internalDoFilter(ApplicationFilterChain.java:181)
		at org.apache.catalina.core.ApplicationFilterChain.doFilter(ApplicationFilterChain.java:156)
		at com.yourname.yournameeats.filter.AuthFilter.doFilter(AuthFilter.java:60)
		at org.apache.catalina.core.ApplicationFilterChain.internalDoFilter(ApplicationFilterChain.java:181)
		at org.apache.catalina.core.ApplicationFilterChain.doFilter(ApplicationFilterChain.java:156)
		at org.apache.catalina.core.StandardWrapperValve.invoke(StandardWrapperValve.java:168)
		at org.apache.catalina.core.StandardContextValve.invoke(StandardContextValve.java:90)
		at org.apache.catalina.authenticator.AuthenticatorBase.invoke(AuthenticatorBase.java:483)
		at org.apache.catalina.core.StandardHostValve.invoke(StandardHostValve.java:130)
		at org.apache.catalina.valves.ErrorReportValve.invoke(ErrorReportValve.java:93)
		at org.apache.catalina.valves.AbstractAccessLogValve.invoke(AbstractAccessLogValve.java:679)
		at org.apache.catalina.core.StandardEngineValve.invoke(StandardEngineValve.java:74)
		at org.apache.catalina.connector.CoyoteAdapter.service(CoyoteAdapter.java:342)
		at org.apache.coyote.http11.Http11Processor.service(Http11Processor.java:617)
		at org.apache.coyote.AbstractProcessorLight.process(AbstractProcessorLight.java:63)
		at org.apache.coyote.AbstractProtocol$ConnectionHandler.process(AbstractProtocol.java:934)
		at org.apache.tomcat.util.net.NioEndpoint$SocketProcessor.doRun(NioEndpoint.java:1698)
		at org.apache.tomcat.util.net.SocketProcessorBase.run(SocketProcessorBase.java:52)
		at org.apache.tomcat.util.threads.ThreadPoolExecutor.runWorker(ThreadPoolExecutor.java:1191)
		at org.apache.tomcat.util.threads.ThreadPoolExecutor$Worker.run(ThreadPoolExecutor.java:659)
		at org.apache.tomcat.util.threads.TaskThread$WrappingRunnable.run(TaskThread.java:61)
		at java.base/java.lang.Thread.run(Thread.java:840)
	Caused by: org.h2.jdbc.JdbcSQLDataException: Value too long for column "IMAGE_URL CHARACTER VARYING(500)": "'https://www.bing.com/images/search?view=detailV2&ccid=AdgqnowU&id=903CD31987AA5... (650)"; SQL statement:
INSERT INTO menu_items (restaurant_id, name, description, price, stock_qty, category, image_url) VALUES (?, ?, ?, ?, ?, ?, ?) [22001-224]
		at org.h2.message.DbException.getJdbcSQLException(DbException.java:518)
		at org.h2.message.DbException.getJdbcSQLException(DbException.java:489)
		at org.h2.message.DbException.get(DbException.java:223)
		at org.h2.message.DbException.getValueTooLongException(DbException.java:334)
		at org.h2.value.Value.getValueTooLongException(Value.java:2594)
		at org.h2.value.Value.convertToVarchar(Value.java:1282)
		at org.h2.value.Value.convertTo(Value.java:1138)
		at org.h2.value.Value.convertForAssignTo(Value.java:1113)
		at org.h2.table.Column.validateConvertUpdateSequence(Column.java:369)
		at org.h2.table.Table.convertInsertRow(Table.java:936)
		at org.h2.command.dml.Insert.insertRows(Insert.java:167)
		at org.h2.command.dml.Insert.update(Insert.java:135)
		at org.h2.command.CommandContainer.executeUpdateWithGeneratedKeys(CommandContainer.java:242)
		at org.h2.command.CommandContainer.update(CommandContainer.java:163)
		at org.h2.command.Command.executeUpdate(Command.java:256)
		at org.h2.jdbc.JdbcPreparedStatement.executeUpdateInternal(JdbcPreparedStatement.java:216)
		at org.h2.jdbc.JdbcPreparedStatement.executeUpdate(JdbcPreparedStatement.java:174)
		at com.zaxxer.hikari.pool.ProxyPreparedStatement.executeUpdate(ProxyPreparedStatement.java:61)
		at com.zaxxer.hikari.pool.HikariProxyPreparedStatement.executeUpdate(HikariProxyPreparedStatement.java)
		at com.yourname.yournameeats.dao.MenuItemDAOImpl.create(MenuItemDAOImpl.java:94)
		... 28 more
01-Sep-2026 19:31:09.414 INFO [localhost-startStop-1] org.apache.catalina.core.ApplicationContext.log ContextListener: contextInitialized()
01-Sep-2026 19:31:09.414 INFO [localhost-startStop-1] org.apache.catalina.core.ApplicationContext.log SessionListener: contextInitialized()
01-Sep-2026 19:31:09.416 INFO [localhost-startStop-1] org.apache.catalina.core.ApplicationContext.log ContextListener: attributeAdded('StockTicker', 'async.Stockticker@365b2eda')
01-Sep-2026 19:33:26.725 SEVERE [http-nio-8080-exec-1] org.apache.catalina.core.StandardWrapperValve.invoke Servlet.service() for servlet [com.yourname.yournameeats.controller.ManageMenuServlet] in context with path [/benedictjeromemart] threw exception
	java.lang.RuntimeException: Failed to create menu item
		at com.yourname.yournameeats.dao.MenuItemDAOImpl.create(MenuItemDAOImpl.java:101)
		at com.yourname.yournameeats.controller.ManageMenuServlet.doPost(ManageMenuServlet.java:138)
		at javax.servlet.http.HttpServlet.service(HttpServlet.java:515)
		at javax.servlet.http.HttpServlet.service(HttpServlet.java:583)
		at org.apache.catalina.core.ApplicationFilterChain.internalDoFilter(ApplicationFilterChain.java:212)
		at org.apache.catalina.core.ApplicationFilterChain.doFilter(ApplicationFilterChain.java:156)
		at org.apache.tomcat.websocket.server.WsFilter.doFilter(WsFilter.java:51)
		at org.apache.catalina.core.ApplicationFilterChain.internalDoFilter(ApplicationFilterChain.java:181)
		at org.apache.catalina.core.ApplicationFilterChain.doFilter(ApplicationFilterChain.java:156)
		at com.yourname.yournameeats.filter.AuthFilter.doFilter(AuthFilter.java:60)
		at org.apache.catalina.core.ApplicationFilterChain.internalDoFilter(ApplicationFilterChain.java:181)
		at org.apache.catalina.core.ApplicationFilterChain.doFilter(ApplicationFilterChain.java:156)
		at org.apache.catalina.core.StandardWrapperValve.invoke(StandardWrapperValve.java:168)
		at org.apache.catalina.core.StandardContextValve.invoke(StandardContextValve.java:90)
		at org.apache.catalina.authenticator.AuthenticatorBase.invoke(AuthenticatorBase.java:483)
		at org.apache.catalina.core.StandardHostValve.invoke(StandardHostValve.java:130)
		at org.apache.catalina.valves.ErrorReportValve.invoke(ErrorReportValve.java:93)
		at org.apache.catalina.valves.AbstractAccessLogValve.invoke(AbstractAccessLogValve.java:679)
		at org.apache.catalina.core.StandardEngineValve.invoke(StandardEngineValve.java:74)
		at org.apache.catalina.connector.CoyoteAdapter.service(CoyoteAdapter.java:342)
		at org.apache.coyote.http11.Http11Processor.service(Http11Processor.java:617)
		at org.apache.coyote.AbstractProcessorLight.process(AbstractProcessorLight.java:63)
		at org.apache.coyote.AbstractProtocol$ConnectionHandler.process(AbstractProtocol.java:934)
		at org.apache.tomcat.util.net.NioEndpoint$SocketProcessor.doRun(NioEndpoint.java:1698)
		at org.apache.tomcat.util.net.SocketProcessorBase.run(SocketProcessorBase.java:52)
		at org.apache.tomcat.util.threads.ThreadPoolExecutor.runWorker(ThreadPoolExecutor.java:1191)
		at org.apache.tomcat.util.threads.ThreadPoolExecutor$Worker.run(ThreadPoolExecutor.java:659)
		at org.apache.tomcat.util.threads.TaskThread$WrappingRunnable.run(TaskThread.java:61)
		at java.base/java.lang.Thread.run(Thread.java:840)
	Caused by: org.h2.jdbc.JdbcSQLDataException: Value too long for column "IMAGE_URL CHARACTER VARYING(500)": "'https://www.bing.com/images/search?view=detailV2&ccid=AdgqnowU&id=903CD31987AA5... (650)"; SQL statement:
INSERT INTO menu_items (restaurant_id, name, description, price, stock_qty, category, image_url) VALUES (?, ?, ?, ?, ?, ?, ?) [22001-224]
		at org.h2.message.DbException.getJdbcSQLException(DbException.java:518)
		at org.h2.message.DbException.getJdbcSQLException(DbException.java:489)
		at org.h2.message.DbException.get(DbException.java:223)
		at org.h2.message.DbException.getValueTooLongException(DbException.java:334)
		at org.h2.value.Value.getValueTooLongException(Value.java:2594)
		at org.h2.value.Value.convertToVarchar(Value.java:1282)
		at org.h2.value.Value.convertTo(Value.java:1138)
		at org.h2.value.Value.convertForAssignTo(Value.java:1113)
		at org.h2.table.Column.validateConvertUpdateSequence(Column.java:369)
		at org.h2.table.Table.convertInsertRow(Table.java:936)
		at org.h2.command.dml.Insert.insertRows(Insert.java:167)
		at org.h2.command.dml.Insert.update(Insert.java:135)
		at org.h2.command.CommandContainer.executeUpdateWithGeneratedKeys(CommandContainer.java:242)
		at org.h2.command.CommandContainer.update(CommandContainer.java:163)
		at org.h2.command.Command.executeUpdate(Command.java:256)
		at org.h2.jdbc.JdbcPreparedStatement.executeUpdateInternal(JdbcPreparedStatement.java:216)
		at org.h2.jdbc.JdbcPreparedStatement.executeUpdate(JdbcPreparedStatement.java:174)
		at com.zaxxer.hikari.pool.ProxyPreparedStatement.executeUpdate(ProxyPreparedStatement.java:61)
		at com.zaxxer.hikari.pool.HikariProxyPreparedStatement.executeUpdate(HikariProxyPreparedStatement.java)
		at com.yourname.yournameeats.dao.MenuItemDAOImpl.create(MenuItemDAOImpl.java:94)
		... 28 more
01-Sep-2026 19:33:35.771 SEVERE [http-nio-8080-exec-2] org.apache.catalina.core.StandardWrapperValve.invoke Servlet.service() for servlet [com.yourname.yournameeats.controller.ManageMenuServlet] in context with path [/benedictjeromemart] threw exception
	java.lang.RuntimeException: Failed to create menu item
		at com.yourname.yournameeats.dao.MenuItemDAOImpl.create(MenuItemDAOImpl.java:101)
		at com.yourname.yournameeats.controller.ManageMenuServlet.doPost(ManageMenuServlet.java:138)
		at javax.servlet.http.HttpServlet.service(HttpServlet.java:515)
		at javax.servlet.http.HttpServlet.service(HttpServlet.java:583)
		at org.apache.catalina.core.ApplicationFilterChain.internalDoFilter(ApplicationFilterChain.java:212)
		at org.apache.catalina.core.ApplicationFilterChain.doFilter(ApplicationFilterChain.java:156)
		at org.apache.tomcat.websocket.server.WsFilter.doFilter(WsFilter.java:51)
		at org.apache.catalina.core.ApplicationFilterChain.internalDoFilter(ApplicationFilterChain.java:181)
		at org.apache.catalina.core.ApplicationFilterChain.doFilter(ApplicationFilterChain.java:156)
		at com.yourname.yournameeats.filter.AuthFilter.doFilter(AuthFilter.java:60)
		at org.apache.catalina.core.ApplicationFilterChain.internalDoFilter(ApplicationFilterChain.java:181)
		at org.apache.catalina.core.ApplicationFilterChain.doFilter(ApplicationFilterChain.java:156)
		at org.apache.catalina.core.StandardWrapperValve.invoke(StandardWrapperValve.java:168)
		at org.apache.catalina.core.StandardContextValve.invoke(StandardContextValve.java:90)
		at org.apache.catalina.authenticator.AuthenticatorBase.invoke(AuthenticatorBase.java:483)
		at org.apache.catalina.core.StandardHostValve.invoke(StandardHostValve.java:130)
		at org.apache.catalina.valves.ErrorReportValve.invoke(ErrorReportValve.java:93)
		at org.apache.catalina.valves.AbstractAccessLogValve.invoke(AbstractAccessLogValve.java:679)
		at org.apache.catalina.core.StandardEngineValve.invoke(StandardEngineValve.java:74)
		at org.apache.catalina.connector.CoyoteAdapter.service(CoyoteAdapter.java:342)
		at org.apache.coyote.http11.Http11Processor.service(Http11Processor.java:617)
		at org.apache.coyote.AbstractProcessorLight.process(AbstractProcessorLight.java:63)
		at org.apache.coyote.AbstractProtocol$ConnectionHandler.process(AbstractProtocol.java:934)
		at org.apache.tomcat.util.net.NioEndpoint$SocketProcessor.doRun(NioEndpoint.java:1698)
		at org.apache.tomcat.util.net.SocketProcessorBase.run(SocketProcessorBase.java:52)
		at org.apache.tomcat.util.threads.ThreadPoolExecutor.runWorker(ThreadPoolExecutor.java:1191)
		at org.apache.tomcat.util.threads.ThreadPoolExecutor$Worker.run(ThreadPoolExecutor.java:659)
		at org.apache.tomcat.util.threads.TaskThread$WrappingRunnable.run(TaskThread.java:61)
		at java.base/java.lang.Thread.run(Thread.java:840)
	Caused by: org.h2.jdbc.JdbcSQLDataException: Value too long for column "IMAGE_URL CHARACTER VARYING(500)": "'https://www.bing.com/images/search?view=detailV2&ccid=AdgqnowU&id=903CD31987AA5... (650)"; SQL statement:
INSERT INTO menu_items (restaurant_id, name, description, price, stock_qty, category, image_url) VALUES (?, ?, ?, ?, ?, ?, ?) [22001-224]
		at org.h2.message.DbException.getJdbcSQLException(DbException.java:518)
		at org.h2.message.DbException.getJdbcSQLException(DbException.java:489)
		at org.h2.message.DbException.get(DbException.java:223)
		at org.h2.message.DbException.getValueTooLongException(DbException.java:334)
		at org.h2.value.Value.getValueTooLongException(Value.java:2594)
		at org.h2.value.Value.convertToVarchar(Value.java:1282)
		at org.h2.value.Value.convertTo(Value.java:1138)
		at org.h2.value.Value.convertForAssignTo(Value.java:1113)
		at org.h2.table.Column.validateConvertUpdateSequence(Column.java:369)
		at org.h2.table.Table.convertInsertRow(Table.java:936)
		at org.h2.command.dml.Insert.insertRows(Insert.java:167)
		at org.h2.command.dml.Insert.update(Insert.java:135)
		at org.h2.command.CommandContainer.executeUpdateWithGeneratedKeys(CommandContainer.java:242)
		at org.h2.command.CommandContainer.update(CommandContainer.java:163)
		at org.h2.command.Command.executeUpdate(Command.java:256)
		at org.h2.jdbc.JdbcPreparedStatement.executeUpdateInternal(JdbcPreparedStatement.java:216)
		at org.h2.jdbc.JdbcPreparedStatement.executeUpdate(JdbcPreparedStatement.java:174)
		at com.zaxxer.hikari.pool.ProxyPreparedStatement.executeUpdate(ProxyPreparedStatement.java:61)
		at com.zaxxer.hikari.pool.HikariProxyPreparedStatement.executeUpdate(HikariProxyPreparedStatement.java)
		at com.yourname.yournameeats.dao.MenuItemDAOImpl.create(MenuItemDAOImpl.java:94)
		... 28 more
01-Sep-2026 19:36:47.748 SEVERE [http-nio-8080-exec-4] org.apache.catalina.core.StandardWrapperValve.invoke Servlet.service() for servlet [com.yourname.yournameeats.controller.ManageMenuServlet] in context with path [/benedictjeromemart] threw exception
	java.lang.RuntimeException: Failed to create menu item
		at com.yourname.yournameeats.dao.MenuItemDAOImpl.create(MenuItemDAOImpl.java:101)
		at com.yourname.yournameeats.controller.ManageMenuServlet.doPost(ManageMenuServlet.java:138)
		at javax.servlet.http.HttpServlet.service(HttpServlet.java:515)
		at javax.servlet.http.HttpServlet.service(HttpServlet.java:583)
		at org.apache.catalina.core.ApplicationFilterChain.internalDoFilter(ApplicationFilterChain.java:212)
		at org.apache.catalina.core.ApplicationFilterChain.doFilter(ApplicationFilterChain.java:156)
		at org.apache.tomcat.websocket.server.WsFilter.doFilter(WsFilter.java:51)
		at org.apache.catalina.core.ApplicationFilterChain.internalDoFilter(ApplicationFilterChain.java:181)
		at org.apache.catalina.core.ApplicationFilterChain.doFilter(ApplicationFilterChain.java:156)
		at com.yourname.yournameeats.filter.AuthFilter.doFilter(AuthFilter.java:60)
		at org.apache.catalina.core.ApplicationFilterChain.internalDoFilter(ApplicationFilterChain.java:181)
		at org.apache.catalina.core.ApplicationFilterChain.doFilter(ApplicationFilterChain.java:156)
		at org.apache.catalina.core.StandardWrapperValve.invoke(StandardWrapperValve.java:168)
		at org.apache.catalina.core.StandardContextValve.invoke(StandardContextValve.java:90)
		at org.apache.catalina.authenticator.AuthenticatorBase.invoke(AuthenticatorBase.java:483)
		at org.apache.catalina.core.StandardHostValve.invoke(StandardHostValve.java:130)
		at org.apache.catalina.valves.ErrorReportValve.invoke(ErrorReportValve.java:93)
		at org.apache.catalina.valves.AbstractAccessLogValve.invoke(AbstractAccessLogValve.java:679)
		at org.apache.catalina.core.StandardEngineValve.invoke(StandardEngineValve.java:74)
		at org.apache.catalina.connector.CoyoteAdapter.service(CoyoteAdapter.java:342)
		at org.apache.coyote.http11.Http11Processor.service(Http11Processor.java:617)
		at org.apache.coyote.AbstractProcessorLight.process(AbstractProcessorLight.java:63)
		at org.apache.coyote.AbstractProtocol$ConnectionHandler.process(AbstractProtocol.java:934)
		at org.apache.tomcat.util.net.NioEndpoint$SocketProcessor.doRun(NioEndpoint.java:1698)
		at org.apache.tomcat.util.net.SocketProcessorBase.run(SocketProcessorBase.java:52)
		at org.apache.tomcat.util.threads.ThreadPoolExecutor.runWorker(ThreadPoolExecutor.java:1191)
		at org.apache.tomcat.util.threads.ThreadPoolExecutor$Worker.run(ThreadPoolExecutor.java:659)
		at org.apache.tomcat.util.threads.TaskThread$WrappingRunnable.run(TaskThread.java:61)
		at java.base/java.lang.Thread.run(Thread.java:840)
	Caused by: org.h2.jdbc.JdbcSQLDataException: Value too long for column "IMAGE_URL CHARACTER VARYING(500)": "'https://www.bing.com/images/search?view=detailV2&ccid=AdgqnowU&id=903CD31987AA5... (650)"; SQL statement:
INSERT INTO menu_items (restaurant_id, name, description, price, stock_qty, category, image_url) VALUES (?, ?, ?, ?, ?, ?, ?) [22001-224]
		at org.h2.message.DbException.getJdbcSQLException(DbException.java:518)
		at org.h2.message.DbException.getJdbcSQLException(DbException.java:489)
		at org.h2.message.DbException.get(DbException.java:223)
		at org.h2.message.DbException.getValueTooLongException(DbException.java:334)
		at org.h2.value.Value.getValueTooLongException(Value.java:2594)
		at org.h2.value.Value.convertToVarchar(Value.java:1282)
		at org.h2.value.Value.convertTo(Value.java:1138)
		at org.h2.value.Value.convertForAssignTo(Value.java:1113)
		at org.h2.table.Column.validateConvertUpdateSequence(Column.java:369)
		at org.h2.table.Table.convertInsertRow(Table.java:936)
		at org.h2.command.dml.Insert.insertRows(Insert.java:167)
		at org.h2.command.dml.Insert.update(Insert.java:135)
		at org.h2.command.CommandContainer.executeUpdateWithGeneratedKeys(CommandContainer.java:242)
		at org.h2.command.CommandContainer.update(CommandContainer.java:163)
		at org.h2.command.Command.executeUpdate(Command.java:256)
		at org.h2.jdbc.JdbcPreparedStatement.executeUpdateInternal(JdbcPreparedStatement.java:216)
		at org.h2.jdbc.JdbcPreparedStatement.executeUpdate(JdbcPreparedStatement.java:174)
		at com.zaxxer.hikari.pool.ProxyPreparedStatement.executeUpdate(ProxyPreparedStatement.java:61)
		at com.zaxxer.hikari.pool.HikariProxyPreparedStatement.executeUpdate(HikariProxyPreparedStatement.java)
		at com.yourname.yournameeats.dao.MenuItemDAOImpl.create(MenuItemDAOImpl.java:94)
		... 28 more
01-Sep-2026 19:36:50.429 SEVERE [http-nio-8080-exec-6] org.apache.catalina.core.StandardWrapperValve.invoke Servlet.service() for servlet [com.yourname.yournameeats.controller.ManageMenuServlet] in context with path [/benedictjeromemart] threw exception
	java.lang.RuntimeException: Failed to create menu item
		at com.yourname.yournameeats.dao.MenuItemDAOImpl.create(MenuItemDAOImpl.java:101)
		at com.yourname.yournameeats.controller.ManageMenuServlet.doPost(ManageMenuServlet.java:138)
		at javax.servlet.http.HttpServlet.service(HttpServlet.java:515)
		at javax.servlet.http.HttpServlet.service(HttpServlet.java:583)
		at org.apache.catalina.core.ApplicationFilterChain.internalDoFilter(ApplicationFilterChain.java:212)
		at org.apache.catalina.core.ApplicationFilterChain.doFilter(ApplicationFilterChain.java:156)
		at org.apache.tomcat.websocket.server.WsFilter.doFilter(WsFilter.java:51)
		at org.apache.catalina.core.ApplicationFilterChain.internalDoFilter(ApplicationFilterChain.java:181)
		at org.apache.catalina.core.ApplicationFilterChain.doFilter(ApplicationFilterChain.java:156)
		at com.yourname.yournameeats.filter.AuthFilter.doFilter(AuthFilter.java:60)
		at org.apache.catalina.core.ApplicationFilterChain.internalDoFilter(ApplicationFilterChain.java:181)
		at org.apache.catalina.core.ApplicationFilterChain.doFilter(ApplicationFilterChain.java:156)
		at org.apache.catalina.core.StandardWrapperValve.invoke(StandardWrapperValve.java:168)
		at org.apache.catalina.core.StandardContextValve.invoke(StandardContextValve.java:90)
		at org.apache.catalina.authenticator.AuthenticatorBase.invoke(AuthenticatorBase.java:483)
		at org.apache.catalina.core.StandardHostValve.invoke(StandardHostValve.java:130)
		at org.apache.catalina.valves.ErrorReportValve.invoke(ErrorReportValve.java:93)
		at org.apache.catalina.valves.AbstractAccessLogValve.invoke(AbstractAccessLogValve.java:679)
		at org.apache.catalina.core.StandardEngineValve.invoke(StandardEngineValve.java:74)
		at org.apache.catalina.connector.CoyoteAdapter.service(CoyoteAdapter.java:342)
		at org.apache.coyote.http11.Http11Processor.service(Http11Processor.java:617)
		at org.apache.coyote.AbstractProcessorLight.process(AbstractProcessorLight.java:63)
		at org.apache.coyote.AbstractProtocol$ConnectionHandler.process(AbstractProtocol.java:934)
		at org.apache.tomcat.util.net.NioEndpoint$SocketProcessor.doRun(NioEndpoint.java:1698)
		at org.apache.tomcat.util.net.SocketProcessorBase.run(SocketProcessorBase.java:52)
		at org.apache.tomcat.util.threads.ThreadPoolExecutor.runWorker(ThreadPoolExecutor.java:1191)
		at org.apache.tomcat.util.threads.ThreadPoolExecutor$Worker.run(ThreadPoolExecutor.java:659)
		at org.apache.tomcat.util.threads.TaskThread$WrappingRunnable.run(TaskThread.java:61)
		at java.base/java.lang.Thread.run(Thread.java:840)
	Caused by: org.h2.jdbc.JdbcSQLDataException: Value too long for column "IMAGE_URL CHARACTER VARYING(500)": "'https://www.bing.com/images/search?view=detailV2&ccid=AdgqnowU&id=903CD31987AA5... (650)"; SQL statement:
INSERT INTO menu_items (restaurant_id, name, description, price, stock_qty, category, image_url) VALUES (?, ?, ?, ?, ?, ?, ?) [22001-224]
		at org.h2.message.DbException.getJdbcSQLException(DbException.java:518)
		at org.h2.message.DbException.getJdbcSQLException(DbException.java:489)
		at org.h2.message.DbException.get(DbException.java:223)
		at org.h2.message.DbException.getValueTooLongException(DbException.java:334)
		at org.h2.value.Value.getValueTooLongException(Value.java:2594)
		at org.h2.value.Value.convertToVarchar(Value.java:1282)
		at org.h2.value.Value.convertTo(Value.java:1138)
		at org.h2.value.Value.convertForAssignTo(Value.java:1113)
		at org.h2.table.Column.validateConvertUpdateSequence(Column.java:369)
		at org.h2.table.Table.convertInsertRow(Table.java:936)
		at org.h2.command.dml.Insert.insertRows(Insert.java:167)
		at org.h2.command.dml.Insert.update(Insert.java:135)
		at org.h2.command.CommandContainer.executeUpdateWithGeneratedKeys(CommandContainer.java:242)
		at org.h2.command.CommandContainer.update(CommandContainer.java:163)
		at org.h2.command.Command.executeUpdate(Command.java:256)
		at org.h2.jdbc.JdbcPreparedStatement.executeUpdateInternal(JdbcPreparedStatement.java:216)
		at org.h2.jdbc.JdbcPreparedStatement.executeUpdate(JdbcPreparedStatement.java:174)
		at com.zaxxer.hikari.pool.ProxyPreparedStatement.executeUpdate(ProxyPreparedStatement.java:61)
		at com.zaxxer.hikari.pool.HikariProxyPreparedStatement.executeUpdate(HikariProxyPreparedStatement.java)
		at com.yourname.yournameeats.dao.MenuItemDAOImpl.create(MenuItemDAOImpl.java:94)
		... 28 more
01-Sep-2026 19:40:30.712 INFO [localhost-startStop-2] org.apache.catalina.core.ApplicationContext.log SessionListener: contextDestroyed()
01-Sep-2026 19:40:30.712 INFO [localhost-startStop-2] org.apache.catalina.core.ApplicationContext.log ContextListener: contextDestroyed()
01-Sep-2026 19:40:48.066 INFO [localhost-startStop-1] org.apache.catalina.core.ApplicationContext.log ContextListener: contextInitialized()
01-Sep-2026 19:40:48.066 INFO [localhost-startStop-1] org.apache.catalina.core.ApplicationContext.log SessionListener: contextInitialized()
01-Sep-2026 19:40:48.068 INFO [localhost-startStop-1] org.apache.catalina.core.ApplicationContext.log ContextListener: attributeAdded('StockTicker', 'async.Stockticker@11d60e98')
01-Sep-2026 19:46:23.691 INFO [localhost-startStop-2] org.apache.catalina.core.ApplicationContext.log SessionListener: contextDestroyed()
01-Sep-2026 19:46:23.693 INFO [localhost-startStop-2] org.apache.catalina.core.ApplicationContext.log ContextListener: contextDestroyed()
01-Sep-2026 19:46:46.304 INFO [localhost-startStop-1] org.apache.catalina.core.ApplicationContext.log ContextListener: contextInitialized()
01-Sep-2026 19:46:46.304 INFO [localhost-startStop-1] org.apache.catalina.core.ApplicationContext.log SessionListener: contextInitialized()
01-Sep-2026 19:46:46.307 INFO [localhost-startStop-1] org.apache.catalina.core.ApplicationContext.log ContextListener: attributeAdded('StockTicker', 'async.Stockticker@11d60e98')
01-Sep-2026 19:59:36.444 INFO [localhost-startStop-2] org.apache.catalina.core.ApplicationContext.log SessionListener: contextDestroyed()
01-Sep-2026 19:59:36.444 INFO [localhost-startStop-2] org.apache.catalina.core.ApplicationContext.log ContextListener: contextDestroyed()
01-Sep-2026 19:59:54.018 INFO [localhost-startStop-1] org.apache.catalina.core.ApplicationContext.log ContextListener: contextInitialized()
01-Sep-2026 19:59:54.018 INFO [localhost-startStop-1] org.apache.catalina.core.ApplicationContext.log SessionListener: contextInitialized()
01-Sep-2026 19:59:54.022 INFO [localhost-startStop-1] org.apache.catalina.core.ApplicationContext.log ContextListener: attributeAdded('StockTicker', 'async.Stockticker@42ad995')
